<?xml version="1.0" encoding="utf-8"?>
<hibernate-mapping assembly="projetos" namespace="projetos.Models" default-lazy="false" xmlns="urn:nhibernate-mapping-2.2">
  <class name="ProjetoCronogramaModel" table="projeto_cronograma" >
		<id name="Id" column="id">
			<generator class="identity" />
		</id> 

		<property name="Tarefa" column="tarefa" />

		<property name="DataTarefa" column="data_tarefa" />

		<property name="Descricao" column="descricao" />

		<many-to-one name="ProjetoPrincipalModel" class="ProjetoPrincipalModel" column="id_projeto_principal" unique="true" />

  </class>
</hibernate-mapping>