<?xml version="1.0" encoding="utf-8"?>
<hibernate-mapping assembly="projetos" namespace="projetos.Models" default-lazy="false" xmlns="urn:nhibernate-mapping-2.2">
  <class name="ProjetoPrincipalModel" table="projeto_principal" >
		<id name="Id" column="id">
			<generator class="identity" />
		</id> 

		<property name="Nome" column="nome" />

		<property name="DataInicio" column="data_inicio" />

		<property name="DataPrevisaoFim" column="data_previsao_fim" />

		<property name="DataFim" column="data_fim" />

		<property name="ValorOrcamento" column="valor_orcamento" />

		<property name="LinkQuadroKanban" column="link_quadro_kanban" />

		<property name="Observacao" column="observacao" />

		<bag name="ProjetoCronogramaModelList" table="projeto_cronograma" cascade="all-delete-orphan" inverse="true">
		<key column="id_projeto_principal"/> 
		<one-to-many class="ProjetoCronogramaModel"/> 
	</bag> 

		<bag name="ProjetoRiscoModelList" table="projeto_risco" cascade="all-delete-orphan" inverse="true">
		<key column="id_projeto_principal"/> 
		<one-to-many class="ProjetoRiscoModel"/> 
	</bag> 

		<bag name="ProjetoCustoModelList" table="projeto_custo" cascade="all-delete-orphan" inverse="true">
		<key column="id_projeto_principal"/> 
		<one-to-many class="ProjetoCustoModel"/> 
	</bag> 

		<bag name="ProjetoStakeholdersModelList" table="projeto_stakeholders" cascade="all-delete-orphan" inverse="true">
		<key column="id_projeto_principal"/> 
		<one-to-many class="ProjetoStakeholdersModel"/> 
	</bag> 

  </class>
</hibernate-mapping>