<?xml version="1.0" encoding="utf-8"?>
<hibernate-mapping assembly="cte" namespace="cte.Models" default-lazy="false" xmlns="urn:nhibernate-mapping-2.2">
  <class name="CteAquaviarioModel" table="cte_aquaviario" >
		<id name="Id" column="id">
			<generator class="identity" />
		</id> 

		<property name="ValorPrestacao" column="valor_prestacao" />

		<property name="Afrmm" column="afrmm" />

		<property name="NumeroBooking" column="numero_booking" />

		<property name="NumeroControle" column="numero_controle" />

		<property name="IdNavio" column="id_navio" />

		<many-to-one name="CteCabecalhoModel" class="CteCabecalhoModel" column="id_cte_cabecalho" unique="true" />

  </class>
</hibernate-mapping>