<?xml version="1.0" encoding="utf-8"?>
<hibernate-mapping assembly="cte" namespace="cte.Models" default-lazy="false" xmlns="urn:nhibernate-mapping-2.2">
  <class name="CteFerroviarioFerroviaModel" table="cte_ferroviario_ferrovia" >
		<id name="Id" column="id">
			<generator class="identity" />
		</id> 

		<property name="Cnpj" column="cnpj" />

		<property name="CodigoInterno" column="codigo_interno" />

		<property name="Ie" column="ie" />

		<property name="Nome" column="nome" />

		<property name="Logradouro" column="logradouro" />

		<property name="Numero" column="numero" />

		<property name="Complemento" column="complemento" />

		<property name="Bairro" column="bairro" />

		<property name="CodigoMunicipio" column="codigo_municipio" />

		<property name="NomeMunicipio" column="nome_municipio" />

		<property name="Uf" column="uf" />

		<property name="Cep" column="cep" />

		<many-to-one name="CteFerroviarioModel" class="CteFerroviarioModel" column="id_cte_ferroviario" />

  </class>
</hibernate-mapping>