<?xml version="1.0" encoding="utf-8"?>
<hibernate-mapping assembly="cte" namespace="cte.Models" default-lazy="false" xmlns="urn:nhibernate-mapping-2.2">
  <class name="CteFerroviarioModel" table="cte_ferroviario" >
		<id name="Id" column="id">
			<generator class="identity" />
		</id> 

		<property name="TipoTrafego" column="tipo_trafego" />

		<property name="ResponsavelFaturamento" column="responsavel_faturamento" />

		<property name="FerroviaEmitenteCte" column="ferrovia_emitente_cte" />

		<property name="Fluxo" column="fluxo" />

		<property name="IdTrem" column="id_trem" />

		<property name="ValorFrete" column="valor_frete" />

		<many-to-one name="CteCabecalhoModel" class="CteCabecalhoModel" column="id_cte_cabecalho" unique="true" />

  </class>
</hibernate-mapping>