<?xml version="1.0" encoding="utf-8"?>
<hibernate-mapping assembly="cte" namespace="cte.Models" default-lazy="false" xmlns="urn:nhibernate-mapping-2.2">
  <class name="CteInformacaoNfTransporteModel" table="cte_informacao_nf_transporte" >
		<id name="Id" column="id">
			<generator class="identity" />
		</id> 

		<property name="TipoUnidadeTransporte" column="tipo_unidade_transporte" />

		<property name="IdUnidadeTransporte" column="id_unidade_transporte" />

		<many-to-one name="CteInformacaoNfOutrosModel" class="CteInformacaoNfOutrosModel" column="id_cte_informacao_nf" />

  </class>
</hibernate-mapping>