<?xml version="1.0" encoding="utf-8"?>
<hibernate-mapping assembly="cte" namespace="cte.Models" default-lazy="false" xmlns="urn:nhibernate-mapping-2.2">
  <class name="CteInformacaoNfOutrosModel" table="cte_informacao_nf_outros" >
		<id name="Id" column="id">
			<generator class="identity" />
		</id> 

		<property name="NumeroRomaneio" column="numero_romaneio" />

		<property name="NumeroPedido" column="numero_pedido" />

		<property name="ChaveAcessoNfe" column="chave_acesso_nfe" />

		<property name="CodigoModelo" column="codigo_modelo" />

		<property name="Serie" column="serie" />

		<property name="Numero" column="numero" />

		<property name="DataEmissao" column="data_emissao" />

		<property name="UfEmitente" column="uf_emitente" />

		<property name="BaseCalculoIcms" column="base_calculo_icms" />

		<property name="ValorIcms" column="valor_icms" />

		<property name="BaseCalculoIcmsSt" column="base_calculo_icms_st" />

		<property name="ValorIcmsSt" column="valor_icms_st" />

		<property name="ValorTotalProdutos" column="valor_total_produtos" />

		<property name="ValorTotal" column="valor_total" />

		<property name="CfopPredominante" column="cfop_predominante" />

		<property name="PesoTotalKg" column="peso_total_kg" />

		<property name="PinSuframa" column="pin_suframa" />

		<property name="DataPrevistaEntrega" column="data_prevista_entrega" />

		<property name="OutroTipoDocOrig" column="outro_tipo_doc_orig" />

		<property name="OutroDescricao" column="outro_descricao" />

		<property name="OutroValorDocumento" column="outro_valor_documento" />

		<many-to-one name="CteCabecalhoModel" class="CteCabecalhoModel" column="id_cte_cabecalho" unique="true" />

  </class>
</hibernate-mapping>