<?xml version="1.0" encoding="utf-8"?>
<hibernate-mapping assembly="cte" namespace="cte.Models" default-lazy="false" xmlns="urn:nhibernate-mapping-2.2">
  <class name="CteInformacaoNfCargaModel" table="cte_informacao_nf_carga" >
		<id name="Id" column="id">
			<generator class="identity" />
		</id> 

		<property name="TipoUnidadeCarga" column="tipo_unidade_carga" />

		<property name="IdUnidadeCarga" column="id_unidade_carga" />

		<many-to-one name="CteInformacaoNfOutrosModel" class="CteInformacaoNfOutrosModel" column="id_cte_informacao_nf" />

  </class>
</hibernate-mapping>