<?xml version="1.0" encoding="utf-8"?>
<hibernate-mapping assembly="cte" namespace="cte.Models" default-lazy="false" xmlns="urn:nhibernate-mapping-2.2">
  <class name="CtePerigosoModel" table="cte_perigoso" >
		<id name="Id" column="id">
			<generator class="identity" />
		</id> 

		<property name="NumeroOnu" column="numero_onu" />

		<property name="NomeApropriado" column="nome_apropriado" />

		<property name="ClasseRisco" column="classe_risco" />

		<property name="GrupoEmbalagem" column="grupo_embalagem" />

		<property name="QuantidadeTotalProduto" column="quantidade_total_produto" />

		<property name="QuantidadeTipoVolume" column="quantidade_tipo_volume" />

		<property name="PontoFulgor" column="ponto_fulgor" />

		<many-to-one name="CteCabecalhoModel" class="CteCabecalhoModel" column="id_cte_cabecalho" unique="true" />

  </class>
</hibernate-mapping>