<?xml version="1.0" encoding="utf-8"?>
<hibernate-mapping assembly="cte" namespace="cte.Models" default-lazy="false" xmlns="urn:nhibernate-mapping-2.2">
  <class name="CteRodoviarioPedagioModel" table="cte_rodoviario_pedagio" >
		<id name="Id" column="id">
			<generator class="identity" />
		</id> 

		<property name="CnpjFornecedor" column="cnpj_fornecedor" />

		<property name="ComprovanteCompra" column="comprovante_compra" />

		<property name="CnpjResponsavel" column="cnpj_responsavel" />

		<property name="Valor" column="valor" />

		<many-to-one name="CteRodoviarioModel" class="CteRodoviarioModel" column="id_cte_rodoviario" />

  </class>
</hibernate-mapping>