<?xml version="1.0" encoding="utf-8"?>
<hibernate-mapping assembly="cte" namespace="cte.Models" default-lazy="false" xmlns="urn:nhibernate-mapping-2.2">
  <class name="CteRodoviarioOccModel" table="cte_rodoviario_occ" >
		<id name="Id" column="id">
			<generator class="identity" />
		</id> 

		<property name="Serie" column="serie" />

		<property name="Numero" column="numero" />

		<property name="DataEmissao" column="data_emissao" />

		<property name="Cnpj" column="cnpj" />

		<property name="CodigoInterno" column="codigo_interno" />

		<property name="Ie" column="ie" />

		<property name="Uf" column="uf" />

		<property name="Telefone" column="telefone" />

		<many-to-one name="CteRodoviarioModel" class="CteRodoviarioModel" column="id_cte_rodoviario" />

  </class>
</hibernate-mapping>