<?xml version="1.0" encoding="utf-8"?>
<hibernate-mapping assembly="cte" namespace="cte.Models" default-lazy="false" xmlns="urn:nhibernate-mapping-2.2">
  <class name="CteRodoviarioVeiculoModel" table="cte_rodoviario_veiculo" >
		<id name="Id" column="id">
			<generator class="identity" />
		</id> 

		<property name="CodigoInterno" column="codigo_interno" />

		<property name="Renavam" column="renavam" />

		<property name="Placa" column="placa" />

		<property name="Tara" column="tara" />

		<property name="CapacidadeKg" column="capacidade_kg" />

		<property name="CapacidadeM3" column="capacidade_m3" />

		<property name="TipoPropriedade" column="tipo_propriedade" />

		<property name="TipoVeiculo" column="tipo_veiculo" />

		<property name="TipoRodado" column="tipo_rodado" />

		<property name="TipoCarroceria" column="tipo_carroceria" />

		<property name="Uf" column="uf" />

		<property name="ProprietarioCpf" column="proprietario_cpf" />

		<property name="ProprietarioCnpj" column="proprietario_cnpj" />

		<property name="ProprietarioRntrc" column="proprietario_rntrc" />

		<property name="ProprietarioNome" column="proprietario_nome" />

		<property name="ProprietarioIe" column="proprietario_ie" />

		<property name="ProprietarioUf" column="proprietario_uf" />

		<property name="ProprietarioTipo" column="proprietario_tipo" />

		<many-to-one name="CteRodoviarioModel" class="CteRodoviarioModel" column="id_cte_rodoviario" />

  </class>
</hibernate-mapping>