<?xml version="1.0" encoding="utf-8"?>
<hibernate-mapping assembly="cte" namespace="cte.Models" default-lazy="false" xmlns="urn:nhibernate-mapping-2.2">
  <class name="CteRecebedorModel" table="cte_recebedor" >
		<id name="Id" column="id">
			<generator class="identity" />
		</id> 

		<property name="Cnpj" column="cnpj" />

		<property name="Cpf" column="cpf" />

		<property name="Ie" column="ie" />

		<property name="Nome" column="nome" />

		<property name="Fantasia" column="fantasia" />

		<property name="Telefone" column="telefone" />

		<property name="Logradouro" column="logradouro" />

		<property name="Numero" column="numero" />

		<property name="Complemento" column="complemento" />

		<property name="Bairro" column="bairro" />

		<property name="CodigoMunicipio" column="codigo_municipio" />

		<property name="NomeMunicipio" column="nome_municipio" />

		<property name="Uf" column="uf" />

		<property name="Cep" column="cep" />

		<property name="CodigoPais" column="codigo_pais" />

		<property name="NomePais" column="nome_pais" />

		<property name="Email" column="email" />

		<many-to-one name="CteCabecalhoModel" class="CteCabecalhoModel" column="id_cte_cabecalho" unique="true" />

  </class>
</hibernate-mapping>