<?xml version="1.0" encoding="utf-8"?>
<hibernate-mapping assembly="etiquetas" namespace="etiquetas.Models" default-lazy="false" xmlns="urn:nhibernate-mapping-2.2">
  <class name="EtiquetaLayoutModel" table="etiqueta_layout" >
		<id name="Id" column="id">
			<generator class="identity" />
		</id> 

		<property name="CodigoFabricante" column="codigo_fabricante" />

		<property name="Quantidade" column="quantidade" />

		<property name="QuantidadeHorizontal" column="quantidade_horizontal" />

		<property name="QuantidadeVertical" column="quantidade_vertical" />

		<property name="MargemSuperior" column="margem_superior" />

		<property name="MargemInferior" column="margem_inferior" />

		<property name="MargemEsquerda" column="margem_esquerda" />

		<property name="MargemDireita" column="margem_direita" />

		<property name="EspacamentoHorizontal" column="espacamento_horizontal" />

		<property name="EspacamentoVertical" column="espacamento_vertical" />

		<many-to-one name="EtiquetaFormatoPapelModel" class="EtiquetaFormatoPapelModel" column="id_formato_papel" />

		<bag name="EtiquetaTemplateModelList" table="etiqueta_template" cascade="all-delete-orphan" inverse="true">
		<key column="id_etiqueta_layout"/> 
		<one-to-many class="EtiquetaTemplateModel"/> 
	</bag> 

  </class>
</hibernate-mapping>