<?xml version="1.0" encoding="utf-8"?>
<hibernate-mapping assembly="folha" namespace="folha.Models" default-lazy="false" xmlns="urn:nhibernate-mapping-2.2">
  <class name="EmpresaTransporteItinerarioModel" table="empresa_transporte_itinerario" >
		<id name="Id" column="id">
			<generator class="identity" />
		</id> 

		<property name="Nome" column="nome" />

		<property name="Tarifa" column="tarifa" />

		<property name="Trajeto" column="trajeto" />

		<many-to-one name="EmpresaTransporteModel" class="EmpresaTransporteModel" column="id_empresa_transporte" unique="true" />

  </class>
</hibernate-mapping>