<?xml version="1.0" encoding="utf-8"?>
<hibernate-mapping assembly="folha" namespace="folha.Models" default-lazy="false" xmlns="urn:nhibernate-mapping-2.2">
  <class name="FeriadosModel" table="feriados" >
		<id name="Id" column="id">
			<generator class="identity" />
		</id> 

		<property name="Ano" column="ano" />

		<property name="Nome" column="nome" />

		<property name="Abrangencia" column="abrangencia" />

		<property name="Uf" column="uf" />

		<property name="MunicipioIbge" column="municipio_ibge" />

		<property name="Tipo" column="tipo" />

		<property name="DataFeriado" column="data_feriado" />

  </class>
</hibernate-mapping>