<?xml version="1.0" encoding="utf-8"?>
<hibernate-mapping assembly="folha" namespace="folha.Models" default-lazy="false" xmlns="urn:nhibernate-mapping-2.2">
  <class name="FolhaAfastamentoModel" table="folha_afastamento" >
		<id name="Id" column="id">
			<generator class="identity" />
		</id> 

		<property name="DataInicio" column="data_inicio" />

		<property name="DataFim" column="data_fim" />

		<property name="DiasAfastado" column="dias_afastado" />

		<many-to-one name="ViewPessoaColaboradorModel" class="ViewPessoaColaboradorModel" column="id_colaborador" />

		<many-to-one name="FolhaTipoAfastamentoModel" class="FolhaTipoAfastamentoModel" column="id_folha_tipo_afastamento" />

  </class>
</hibernate-mapping>