<?xml version="1.0" encoding="utf-8"?>
<hibernate-mapping assembly="folha" namespace="folha.Models" default-lazy="false" xmlns="urn:nhibernate-mapping-2.2">
  <class name="FolhaPlanoSaudeModel" table="folha_plano_saude" >
		<id name="Id" column="id">
			<generator class="identity" />
		</id> 

		<property name="DataInicio" column="data_inicio" />

		<property name="Beneficiario" column="beneficiario" />

		<many-to-one name="ViewPessoaColaboradorModel" class="ViewPessoaColaboradorModel" column="id_colaborador" />

		<many-to-one name="OperadoraPlanoSaudeModel" class="OperadoraPlanoSaudeModel" column="id_operadora_plano_saude" />

  </class>
</hibernate-mapping>