<?xml version="1.0" encoding="utf-8"?>
<hibernate-mapping assembly="folha" namespace="folha.Models" default-lazy="false" xmlns="urn:nhibernate-mapping-2.2">
  <class name="FolhaFeriasColetivasModel" table="folha_ferias_coletivas" >
		<id name="Id" column="id">
			<generator class="identity" />
		</id> 

		<property name="DataInicio" column="data_inicio" />

		<property name="DataFim" column="data_fim" />

		<property name="DiasGozo" column="dias_gozo" />

		<property name="AbonoPecuniarioInicio" column="abono_pecuniario_inicio" />

		<property name="AbonoPecuniarioFim" column="abono_pecuniario_fim" />

		<property name="DiasAbono" column="dias_abono" />

		<property name="DataPagamento" column="data_pagamento" />

  </class>
</hibernate-mapping>