<?xml version="1.0" encoding="utf-8"?>
<hibernate-mapping assembly="folha" namespace="folha.Models" default-lazy="false" xmlns="urn:nhibernate-mapping-2.2">
  <class name="FolhaPppCatModel" table="folha_ppp_cat" >
		<id name="Id" column="id">
			<generator class="identity" />
		</id> 

		<property name="NumeroCat" column="numero_cat" />

		<property name="DataAfastamento" column="data_afastamento" />

		<property name="DataRegistro" column="data_registro" />

		<many-to-one name="FolhaPppModel" class="FolhaPppModel" column="id_folha_ppp" unique="true" />

  </class>
</hibernate-mapping>