<?xml version="1.0" encoding="utf-8"?>
<hibernate-mapping assembly="folha" namespace="folha.Models" default-lazy="false" xmlns="urn:nhibernate-mapping-2.2">
  <class name="FolhaParametroModel" table="folha_parametro" >
		<id name="Id" column="id">
			<generator class="identity" />
		</id> 

		<property name="Competencia" column="competencia" />

		<property name="ContribuiPis" column="contribui_pis" />

		<property name="AliquotaPis" column="aliquota_pis" />

		<property name="DiscriminarDsr" column="discriminar_dsr" />

		<property name="DiaPagamento" column="dia_pagamento" />

		<property name="CalculoProporcionalidade" column="calculo_proporcionalidade" />

		<property name="DescontarFaltas13" column="descontar_faltas_13" />

		<property name="PagarAdicionais13" column="pagar_adicionais_13" />

		<property name="PagarEstagiarios13" column="pagar_estagiarios_13" />

		<property name="MesAdiantamento13" column="mes_adiantamento_13" />

		<property name="PercentualAdiantam13" column="percentual_adiantam_13" />

		<property name="FeriasDescontarFaltas" column="ferias_descontar_faltas" />

		<property name="FeriasPagarAdicionais" column="ferias_pagar_adicionais" />

		<property name="FeriasAdiantar13" column="ferias_adiantar_13" />

		<property name="FeriasPagarEstagiarios" column="ferias_pagar_estagiarios" />

		<property name="FeriasCalcJustaCausa" column="ferias_calc_justa_causa" />

		<property name="FeriasMovimentoMensal" column="ferias_movimento_mensal" />

  </class>
</hibernate-mapping>