<?xml version="1.0" encoding="utf-8"?>
<hibernate-mapping assembly="folha" namespace="folha.Models" default-lazy="false" xmlns="urn:nhibernate-mapping-2.2">
  <class name="FolhaValeTransporteModel" table="folha_vale_transporte" >
		<id name="Id" column="id">
			<generator class="identity" />
		</id> 

		<property name="Quantidade" column="quantidade" />

		<many-to-one name="ViewPessoaColaboradorModel" class="ViewPessoaColaboradorModel" column="id_colaborador" />

		<many-to-one name="EmpresaTransporteItinerarioModel" class="EmpresaTransporteItinerarioModel" column="id_empresa_transp_itin" />

  </class>
</hibernate-mapping>