<?xml version="1.0" encoding="utf-8"?>
<hibernate-mapping assembly="folha" namespace="folha.Models" default-lazy="false" xmlns="urn:nhibernate-mapping-2.2">
  <class name="FolhaLancamentoDetalheModel" table="folha_lancamento_detalhe" >
		<id name="Id" column="id">
			<generator class="identity" />
		</id> 

		<property name="Origem" column="origem" />

		<property name="Provento" column="provento" />

		<property name="Desconto" column="desconto" />

		<many-to-one name="FolhaLancamentoCabecalhoModel" class="FolhaLancamentoCabecalhoModel" column="id_folha_lancamento_cabecalho" unique="true" />

		<many-to-one name="FolhaEventoModel" class="FolhaEventoModel" column="id_folha_evento" />

  </class>
</hibernate-mapping>