<?xml version="1.0" encoding="utf-8"?>
<hibernate-mapping assembly="folha" namespace="folha.Models" default-lazy="false" xmlns="urn:nhibernate-mapping-2.2">
  <class name="FolhaInssModel" table="folha_inss" >
		<id name="Id" column="id">
			<generator class="identity" />
		</id> 

		<property name="Competencia" column="competencia" />

		<bag name="FolhaInssRetencaoModelList" table="folha_inss_retencao" cascade="all-delete-orphan" inverse="true">
		<key column="id_folha_inss"/> 
		<one-to-many class="FolhaInssRetencaoModel"/> 
	</bag> 

  </class>
</hibernate-mapping>