<?xml version="1.0" encoding="utf-8"?>
<hibernate-mapping assembly="folha" namespace="folha.Models" default-lazy="false" xmlns="urn:nhibernate-mapping-2.2">
  <class name="FolhaHistoricoSalarialModel" table="folha_historico_salarial" >
		<id name="Id" column="id">
			<generator class="identity" />
		</id> 

		<property name="Competencia" column="competencia" />

		<property name="SalarioAtual" column="salario_atual" />

		<property name="PercentualAumento" column="percentual_aumento" />

		<property name="SalarioNovo" column="salario_novo" />

		<property name="ValidoAPartir" column="valido_a_partir" />

		<property name="Motivo" column="motivo" />

		<many-to-one name="ViewPessoaColaboradorModel" class="ViewPessoaColaboradorModel" column="id_colaborador" />

  </class>
</hibernate-mapping>