<?xml version="1.0" encoding="utf-8"?>
<hibernate-mapping assembly="folha" namespace="folha.Models" default-lazy="false" xmlns="urn:nhibernate-mapping-2.2">
  <class name="FolhaLancamentoComissaoModel" table="folha_lancamento_comissao" >
		<id name="Id" column="id">
			<generator class="identity" />
		</id> 

		<property name="Competencia" column="competencia" />

		<property name="Vencimento" column="vencimento" />

		<property name="BaseCalculo" column="base_calculo" />

		<property name="ValorComissao" column="valor_comissao" />

		<many-to-one name="ViewPessoaColaboradorModel" class="ViewPessoaColaboradorModel" column="id_colaborador" />

  </class>
</hibernate-mapping>