<?xml version="1.0" encoding="utf-8"?>
<hibernate-mapping assembly="folha" namespace="folha.Models" default-lazy="false" xmlns="urn:nhibernate-mapping-2.2">
  <class name="FolhaPppExameMedicoModel" table="folha_ppp_exame_medico" >
		<id name="Id" column="id">
			<generator class="identity" />
		</id> 

		<property name="DataUltimo" column="data_ultimo" />

		<property name="Tipo" column="tipo" />

		<property name="Exame" column="exame" />

		<property name="Natureza" column="natureza" />

		<property name="IndicacaoResultados" column="indicacao_resultados" />

		<many-to-one name="FolhaPppModel" class="FolhaPppModel" column="id_folha_ppp" unique="true" />

  </class>
</hibernate-mapping>