<?xml version="1.0" encoding="utf-8"?>
<hibernate-mapping assembly="ordem_servico" namespace="ordem_servico.Models" default-lazy="false" xmlns="urn:nhibernate-mapping-2.2">
  <class name="OsAberturaEquipamentoModel" table="os_abertura_equipamento" >
		<id name="Id" column="id">
			<generator class="identity" />
		</id> 

		<property name="TipoCobertura" column="tipo_cobertura" />

		<property name="NumeroSerie" column="numero_serie" />

		<many-to-one name="OsAberturaModel" class="OsAberturaModel" column="id_os_abertura" unique="true" />

		<many-to-one name="OsEquipamentoModel" class="OsEquipamentoModel" column="id_os_equipamento" />

  </class>
</hibernate-mapping>