<?xml version="1.0" encoding="utf-8"?>
<hibernate-mapping assembly="ordem_servico" namespace="ordem_servico.Models" default-lazy="false" xmlns="urn:nhibernate-mapping-2.2">
  <class name="OsProdutoServicoModel" table="os_produto_servico" >
		<id name="Id" column="id">
			<generator class="identity" />
		</id> 

		<property name="Tipo" column="tipo" />

		<property name="Complemento" column="complemento" />

		<property name="Quantidade" column="quantidade" />

		<property name="ValorUnitario" column="valor_unitario" />

		<property name="ValorSubtotal" column="valor_subtotal" />

		<property name="TaxaDesconto" column="taxa_desconto" />

		<property name="ValorDesconto" column="valor_desconto" />

		<property name="ValorTotal" column="valor_total" />

		<many-to-one name="OsAberturaModel" class="OsAberturaModel" column="id_os_abertura" unique="true" />

		<many-to-one name="ProdutoModel" class="ProdutoModel" column="id_produto" />

  </class>
</hibernate-mapping>