<?xml version="1.0" encoding="utf-8"?>
<hibernate-mapping assembly="ordem_servico" namespace="ordem_servico.Models" default-lazy="false" xmlns="urn:nhibernate-mapping-2.2">
  <class name="ProdutoUnidadeModel" table="produto_unidade" >
		<id name="Id" column="id">
			<generator class="identity" />
		</id> 

		<property name="Sigla" column="sigla" />

		<property name="Descricao" column="descricao" />

		<property name="PodeFracionar" column="pode_fracionar" />

		<bag name="ProdutoModelList" table="produto" cascade="all-delete-orphan" inverse="true">
		<key column="id_produto_unidade"/> 
		<one-to-many class="ProdutoModel"/> 
	</bag> 

  </class>
</hibernate-mapping>