<?xml version="1.0" encoding="utf-8"?>
<hibernate-mapping assembly="estoque" namespace="estoque.Models" default-lazy="false" xmlns="urn:nhibernate-mapping-2.2">
  <class name="EstoqueReajusteDetalheModel" table="estoque_reajuste_detalhe" >
		<id name="Id" column="id">
			<generator class="identity" />
		</id> 

		<property name="ValorOriginal" column="valor_original" />

		<property name="ValorReajuste" column="valor_reajuste" />

		<many-to-one name="EstoqueReajusteCabecalhoModel" class="EstoqueReajusteCabecalhoModel" column="id_estoque_reajuste_cabecalho" unique="true" />

		<many-to-one name="ProdutoModel" class="ProdutoModel" column="id_produto" />

  </class>
</hibernate-mapping>