<?xml version="1.0" encoding="utf-8"?>
<hibernate-mapping assembly="estoque" namespace="estoque.Models" default-lazy="false" xmlns="urn:nhibernate-mapping-2.2">
  <class name="ViewControleAcessoModel" table="view_controle_acesso" >
		<id name="Id" column="id">
			<generator class="identity" />
		</id> 

		<property name="IdPessoa" column="id_pessoa" />

		<property name="PessoaNome" column="pessoa_nome" />

		<property name="IdColaborador" column="id_colaborador" />

		<property name="IdUsuario" column="id_usuario" />

		<property name="Administrador" column="administrador" />

		<property name="IdPapel" column="id_papel" />

		<property name="PapelNome" column="papel_nome" />

		<property name="PapelDescricao" column="papel_descricao" />

		<property name="IdFuncao" column="id_funcao" />

		<property name="FuncaoNome" column="funcao_nome" />

		<property name="FuncaoDescricao" column="funcao_descricao" />

		<property name="IdPapelFuncao" column="id_papel_funcao" />

		<property name="Habilitado" column="habilitado" />

		<property name="PodeInserir" column="pode_inserir" />

		<property name="PodeAlterar" column="pode_alterar" />

		<property name="PodeExcluir" column="pode_excluir" />

  </class>
</hibernate-mapping>