<?xml version="1.0" encoding="utf-8"?>
<hibernate-mapping assembly="orcamentos" namespace="orcamentos.Models" default-lazy="false" xmlns="urn:nhibernate-mapping-2.2">
  <class name="OrcamentoFluxoCaixaPeriodoModel" table="orcamento_fluxo_caixa_periodo" >
		<id name="Id" column="id">
			<generator class="identity" />
		</id> 

		<property name="Periodo" column="periodo" />

		<property name="Nome" column="nome" />

		<many-to-one name="BancoContaCaixaModel" class="BancoContaCaixaModel" column="id_banco_conta_caixa" />

  </class>
</hibernate-mapping>