<?xml version="1.0" encoding="utf-8"?>
<hibernate-mapping assembly="orcamentos" namespace="orcamentos.Models" default-lazy="false" xmlns="urn:nhibernate-mapping-2.2">
  <class name="OrcamentoEmpresarialModel" table="orcamento_empresarial" >
		<id name="Id" column="id">
			<generator class="identity" />
		</id> 

		<property name="Nome" column="nome" />

		<property name="DataInicial" column="data_inicial" />

		<property name="NumeroPeriodos" column="numero_periodos" />

		<property name="DataBase" column="data_base" />

		<property name="Descricao" column="descricao" />

		<many-to-one name="OrcamentoPeriodoModel" class="OrcamentoPeriodoModel" column="id_orcamento_periodo" />

		<bag name="OrcamentoDetalheModelList" table="orcamento_detalhe" cascade="all-delete-orphan" inverse="true">
		<key column="id_orcamento_empresarial"/> 
		<one-to-many class="OrcamentoDetalheModel"/> 
	</bag> 

  </class>
</hibernate-mapping>