<?xml version="1.0" encoding="utf-8"?>
<hibernate-mapping assembly="fiscal" namespace="fiscal.Models" default-lazy="false" xmlns="urn:nhibernate-mapping-2.2">
  <class name="FiscalLivroModel" table="fiscal_livro" >
		<id name="Id" column="id">
			<generator class="identity" />
		</id> 

		<property name="Descricao" column="descricao" />

		<bag name="FiscalTermoModelList" table="fiscal_termo" cascade="all-delete-orphan" inverse="true">
		<key column="id_fiscal_livro"/> 
		<one-to-many class="FiscalTermoModel"/> 
	</bag> 

  </class>
</hibernate-mapping>