<?xml version="1.0" encoding="utf-8"?>
<hibernate-mapping assembly="fiscal" namespace="fiscal.Models" default-lazy="false" xmlns="urn:nhibernate-mapping-2.2">
  <class name="SimplesNacionalDetalheModel" table="simples_nacional_detalhe" >
		<id name="Id" column="id">
			<generator class="identity" />
		</id> 

		<property name="Faixa" column="faixa" />

		<property name="ValorInicial" column="valor_inicial" />

		<property name="ValorFinal" column="valor_final" />

		<property name="Aliquota" column="aliquota" />

		<property name="Irpj" column="irpj" />

		<property name="Csll" column="csll" />

		<property name="Cofins" column="cofins" />

		<property name="PisPasep" column="pis_pasep" />

		<property name="Cpp" column="cpp" />

		<property name="Icms" column="icms" />

		<property name="Ipi" column="ipi" />

		<property name="Iss" column="iss" />

		<many-to-one name="SimplesNacionalCabecalhoModel" class="SimplesNacionalCabecalhoModel" column="id_simples_nacional_cabecalho" unique="true" />

  </class>
</hibernate-mapping>