<?xml version="1.0" encoding="utf-8"?>
<hibernate-mapping assembly="agenda" namespace="agenda.Models" default-lazy="false" xmlns="urn:nhibernate-mapping-2.2">
  <class name="ReuniaoSalaModel" table="reuniao_sala" >
		<id name="Id" column="id">
			<generator class="identity" />
		</id> 

		<property name="Predio" column="predio" />

		<property name="Nome" column="nome" />

		<property name="Andar" column="andar" />

		<property name="Numero" column="numero" />

  </class>
</hibernate-mapping>