<?xml version="1.0" encoding="utf-8"?>
<hibernate-mapping assembly="agenda" namespace="agenda.Models" default-lazy="false" xmlns="urn:nhibernate-mapping-2.2">
  <class name="ReuniaoSalaEventoModel" table="reuniao_sala_evento" >
		<id name="Id" column="id">
			<generator class="identity" />
		</id> 

		<property name="DataReserva" column="data_reserva" />

		<many-to-one name="AgendaCompromissoModel" class="AgendaCompromissoModel" column="id_agenda_compromisso" unique="true" />

		<many-to-one name="ReuniaoSalaModel" class="ReuniaoSalaModel" column="id_reuniao_sala" />

  </class>
</hibernate-mapping>