<?xml version="1.0" encoding="utf-8"?>
<hibernate-mapping assembly="wms" namespace="wms.Models" default-lazy="false" xmlns="urn:nhibernate-mapping-2.2">
  <class name="UsuarioTokenModel" table="usuario_token" >
		<id name="Id" column="id">
			<generator class="identity" />
		</id> 

		<property name="Login" column="login" />

		<property name="Token" column="token" />

		<property name="DataCriacao" column="data_criacao" />

		<property name="HoraCriacao" column="hora_criacao" />

		<property name="DataExpiracao" column="data_expiracao" />

		<property name="HoraExpiracao" column="hora_expiracao" />

  </class>
</hibernate-mapping>