<?xml version="1.0" encoding="utf-8"?>
<hibernate-mapping assembly="wms" namespace="wms.Models" default-lazy="false" xmlns="urn:nhibernate-mapping-2.2">
  <class name="WmsAgendamentoModel" table="wms_agendamento" >
		<id name="Id" column="id">
			<generator class="identity" />
		</id> 

		<property name="DataOperacao" column="data_operacao" />

		<property name="HoraOperacao" column="hora_operacao" />

		<property name="LocalOperacao" column="local_operacao" />

		<property name="QuantidadeVolume" column="quantidade_volume" />

		<property name="PesoTotalVolume" column="peso_total_volume" />

		<property name="QuantidadePessoa" column="quantidade_pessoa" />

		<property name="QuantidadeHora" column="quantidade_hora" />

  </class>
</hibernate-mapping>