<?xml version="1.0" encoding="utf-8"?>
<hibernate-mapping assembly="wms" namespace="wms.Models" default-lazy="false" xmlns="urn:nhibernate-mapping-2.2">
  <class name="WmsEstanteModel" table="wms_estante" >
		<id name="Id" column="id">
			<generator class="identity" />
		</id> 

		<property name="Codigo" column="codigo" />

		<property name="QuantidadeCaixa" column="quantidade_caixa" />

		<many-to-one name="WmsRuaModel" class="WmsRuaModel" column="id_wms_rua" />

  </class>
</hibernate-mapping>