<?xml version="1.0" encoding="utf-8"?>
<hibernate-mapping assembly="estoque" namespace="estoque.Models" default-lazy="false" xmlns="urn:nhibernate-mapping-2.2">
  <class name="EstoqueGradeModel" table="estoque_grade" >
		<id name="Id" column="id">
			<generator class="identity" />
		</id> 

		<property name="Codigo" column="codigo" />

		<property name="Quantidade" column="quantidade" />

		<many-to-one name="ProdutoModel" class="ProdutoModel" column="id_produto" />

		<many-to-one name="EstoqueCorModel" class="EstoqueCorModel" column="id_estoque_cor" />

		<many-to-one name="EstoqueTamanhoModel" class="EstoqueTamanhoModel" column="id_estoque_tamanho" />

		<many-to-one name="EstoqueSaborModel" class="EstoqueSaborModel" column="id_estoque_sabor" />

		<many-to-one name="EstoqueMarcaModel" class="EstoqueMarcaModel" column="id_estoque_marca" />

  </class>
</hibernate-mapping>