<?xml version="1.0" encoding="utf-8"?>
<hibernate-mapping assembly="estoque" namespace="estoque.Models" default-lazy="false" xmlns="urn:nhibernate-mapping-2.2">
  <class name="EstoqueTamanhoModel" table="estoque_tamanho" >
		<id name="Id" column="id">
			<generator class="identity" />
		</id> 

		<property name="Codigo" column="codigo" />

		<property name="Nome" column="nome" />

		<property name="Altura" column="altura" />

		<property name="Comprimento" column="comprimento" />

		<property name="Largura" column="largura" />

  </class>
</hibernate-mapping>