<?xml version="1.0" encoding="utf-8"?>
<hibernate-mapping assembly="estoque" namespace="estoque.Models" default-lazy="false" xmlns="urn:nhibernate-mapping-2.2">
  <class name="EstoqueReajusteCabecalhoModel" table="estoque_reajuste_cabecalho" >
		<id name="Id" column="id">
			<generator class="identity" />
		</id> 

		<property name="DataReajuste" column="data_reajuste" />

		<property name="Taxa" column="taxa" />

		<property name="TipoReajuste" column="tipo_reajuste" />

		<property name="Justificativa" column="justificativa" />

		<many-to-one name="ViewPessoaColaboradorModel" class="ViewPessoaColaboradorModel" column="id_colaborador" />

		<bag name="EstoqueReajusteDetalheModelList" table="estoque_reajuste_detalhe" cascade="all-delete-orphan" inverse="true">
		<key column="id_estoque_reajuste_cabecalho"/> 
		<one-to-many class="EstoqueReajusteDetalheModel"/> 
	</bag> 

  </class>
</hibernate-mapping>