<?xml version="1.0" encoding="utf-8"?>
<hibernate-mapping assembly="estoque" namespace="estoque.Models" default-lazy="false" xmlns="urn:nhibernate-mapping-2.2">
  <class name="ProdutoModel" table="produto" >
		<id name="Id" column="id">
			<generator class="identity" />
		</id> 

		<property name="IdTributIcmsCustomCab" column="id_tribut_icms_custom_cab" />

		<property name="IdTributGrupoTributario" column="id_tribut_grupo_tributario" />

		<property name="Nome" column="nome" />

		<property name="Descricao" column="descricao" />

		<property name="Gtin" column="gtin" />

		<property name="CodigoInterno" column="codigo_interno" />

		<property name="ValorCompra" column="valor_compra" />

		<property name="ValorVenda" column="valor_venda" />

		<property name="CodigoNcm" column="codigo_ncm" />

		<property name="EstoqueMinimo" column="estoque_minimo" />

		<property name="EstoqueMaximo" column="estoque_maximo" />

		<property name="QuantidadeEstoque" column="quantidade_estoque" />

		<property name="DataCadastro" column="data_cadastro" />

		<many-to-one name="ProdutoUnidadeModel" class="ProdutoUnidadeModel" column="id_produto_unidade" />

		<many-to-one name="ProdutoMarcaModel" class="ProdutoMarcaModel" column="id_produto_marca" />

		<many-to-one name="ProdutoSubgrupoModel" class="ProdutoSubgrupoModel" column="id_produto_subgrupo" />

  </class>
</hibernate-mapping>