<?xml version="1.0" encoding="utf-8"?>
<hibernate-mapping assembly="estoque" namespace="estoque.Models" default-lazy="false" xmlns="urn:nhibernate-mapping-2.2">
  <class name="RequisicaoInternaCabecalhoModel" table="requisicao_interna_cabecalho" >
		<id name="Id" column="id">
			<generator class="identity" />
		</id> 

		<property name="DataRequisicao" column="data_requisicao" />

		<property name="Situacao" column="situacao" />

		<many-to-one name="ViewPessoaColaboradorModel" class="ViewPessoaColaboradorModel" column="id_colaborador" />

		<bag name="RequisicaoInternaDetalheModelList" table="requisicao_interna_detalhe" cascade="all-delete-orphan" inverse="true">
		<key column="id_requisicao_interna_cabecalho"/> 
		<one-to-many class="RequisicaoInternaDetalheModel"/> 
	</bag> 

  </class>
</hibernate-mapping>