<?xml version="1.0" encoding="utf-8"?>
<hibernate-mapping assembly="estoque" namespace="estoque.Models" default-lazy="false" xmlns="urn:nhibernate-mapping-2.2">
  <class name="RequisicaoInternaDetalheModel" table="requisicao_interna_detalhe" >
		<id name="Id" column="id">
			<generator class="identity" />
		</id> 

		<property name="Quantidade" column="quantidade" />

		<many-to-one name="RequisicaoInternaCabecalhoModel" class="RequisicaoInternaCabecalhoModel" column="id_requisicao_interna_cabecalho" unique="true" />

		<many-to-one name="ProdutoModel" class="ProdutoModel" column="id_produto" />

  </class>
</hibernate-mapping>