<?xml version="1.0" encoding="utf-8"?>
<hibernate-mapping assembly="fiscal" namespace="fiscal.Models" default-lazy="false" xmlns="urn:nhibernate-mapping-2.2">
  <class name="FiscalNotaFiscalEntradaModel" table="fiscal_nota_fiscal_entrada" >
		<id name="Id" column="id">
			<generator class="identity" />
		</id> 

		<property name="Competencia" column="competencia" />

		<property name="CfopEntrada" column="cfop_entrada" />

		<property name="ValorRateioFrete" column="valor_rateio_frete" />

		<property name="ValorCustoMedio" column="valor_custo_medio" />

		<property name="ValorIcmsAntecipado" column="valor_icms_antecipado" />

		<property name="ValorBcIcmsAntecipado" column="valor_bc_icms_antecipado" />

		<property name="ValorBcIcmsCreditado" column="valor_bc_icms_creditado" />

		<property name="ValorBcPisCreditado" column="valor_bc_pis_creditado" />

		<property name="ValorBcCofinsCreditado" column="valor_bc_cofins_creditado" />

		<property name="ValorBcIpiCreditado" column="valor_bc_ipi_creditado" />

		<property name="CstCreditoIcms" column="cst_credito_icms" />

		<property name="CstCreditoPis" column="cst_credito_pis" />

		<property name="CstCreditoCofins" column="cst_credito_cofins" />

		<property name="CstCreditoIpi" column="cst_credito_ipi" />

		<property name="ValorIcmsCreditado" column="valor_icms_creditado" />

		<property name="ValorPisCreditado" column="valor_pis_creditado" />

		<property name="ValorCofinsCreditado" column="valor_cofins_creditado" />

		<property name="ValorIpiCreditado" column="valor_ipi_creditado" />

		<property name="QtdeParcelaCreditoPis" column="qtde_parcela_credito_pis" />

		<property name="QtdeParcelaCreditoCofins" column="qtde_parcela_credito_cofins" />

		<property name="QtdeParcelaCreditoIcms" column="qtde_parcela_credito_icms" />

		<property name="QtdeParcelaCreditoIpi" column="qtde_parcela_credito_ipi" />

		<property name="AliquotaCreditoIcms" column="aliquota_credito_icms" />

		<property name="AliquotaCreditoPis" column="aliquota_credito_pis" />

		<property name="AliquotaCreditoCofins" column="aliquota_credito_cofins" />

		<property name="AliquotaCreditoIpi" column="aliquota_credito_ipi" />

		<many-to-one name="NfeCabecalhoModel" class="NfeCabecalhoModel" column="id_nfe_cabecalho" />

  </class>
</hibernate-mapping>