<?xml version="1.0" encoding="utf-8"?>
<hibernate-mapping assembly="fiscal" namespace="fiscal.Models" default-lazy="false" xmlns="urn:nhibernate-mapping-2.2">
  <class name="FiscalInscricoesSubstitutasModel" table="fiscal_inscricoes_substitutas" >
		<id name="Id" column="id">
			<generator class="identity" />
		</id> 

		<property name="Uf" column="uf" />

		<property name="InscricaoEstadual" column="inscricao_estadual" />

		<property name="Pmpf" column="pmpf" />

		<many-to-one name="FiscalParametroModel" class="FiscalParametroModel" column="id_fiscal_parametros" unique="true" />

  </class>
</hibernate-mapping>