<?xml version="1.0" encoding="utf-8"?>
<hibernate-mapping assembly="fiscal" namespace="fiscal.Models" default-lazy="false" xmlns="urn:nhibernate-mapping-2.2">
  <class name="FiscalTermoModel" table="fiscal_termo" >
		<id name="Id" column="id">
			<generator class="identity" />
		</id> 

		<property name="AberturaEncerramento" column="abertura_encerramento" />

		<property name="Numero" column="numero" />

		<property name="PaginaInicial" column="pagina_inicial" />

		<property name="PaginaFinal" column="pagina_final" />

		<property name="NumeroRegistro" column="numero_registro" />

		<property name="Registrado" column="registrado" />

		<property name="DataDespacho" column="data_despacho" />

		<property name="DataAbertura" column="data_abertura" />

		<property name="DataEncerramento" column="data_encerramento" />

		<property name="EscrituracaoInicio" column="escrituracao_inicio" />

		<property name="EscrituracaoFim" column="escrituracao_fim" />

		<property name="Texto" column="texto" />

		<many-to-one name="FiscalLivroModel" class="FiscalLivroModel" column="id_fiscal_livro" unique="true" />

  </class>
</hibernate-mapping>