<?xml version="1.0" encoding="utf-8"?>
<hibernate-mapping assembly="fiscal" namespace="fiscal.Models" default-lazy="false" xmlns="urn:nhibernate-mapping-2.2">
  <class name="FiscalApuracaoIcmsModel" table="fiscal_apuracao_icms" >
		<id name="Id" column="id">
			<generator class="identity" />
		</id> 

		<property name="Competencia" column="competencia" />

		<property name="ValorTotalDebito" column="valor_total_debito" />

		<property name="ValorAjusteDebito" column="valor_ajuste_debito" />

		<property name="ValorTotalAjusteDebito" column="valor_total_ajuste_debito" />

		<property name="ValorEstornoCredito" column="valor_estorno_credito" />

		<property name="ValorTotalCredito" column="valor_total_credito" />

		<property name="ValorAjusteCredito" column="valor_ajuste_credito" />

		<property name="ValorTotalAjusteCredito" column="valor_total_ajuste_credito" />

		<property name="ValorEstornoDebito" column="valor_estorno_debito" />

		<property name="ValorSaldoCredorAnterior" column="valor_saldo_credor_anterior" />

		<property name="ValorSaldoApurado" column="valor_saldo_apurado" />

		<property name="ValorTotalDeducao" column="valor_total_deducao" />

		<property name="ValorIcmsRecolher" column="valor_icms_recolher" />

		<property name="ValorSaldoCredorTransp" column="valor_saldo_credor_transp" />

		<property name="ValorDebitoEspecial" column="valor_debito_especial" />

  </class>
</hibernate-mapping>