<?xml version="1.0" encoding="utf-8"?>
<hibernate-mapping assembly="fiscal" namespace="fiscal.Models" default-lazy="false" xmlns="urn:nhibernate-mapping-2.2">
  <class name="FiscalParametroModel" table="fiscal_parametro" >
		<id name="Id" column="id">
			<generator class="identity" />
		</id> 

		<property name="Vigencia" column="vigencia" />

		<property name="DescricaoVigencia" column="descricao_vigencia" />

		<property name="CriterioLancamento" column="criterio_lancamento" />

		<property name="Apuracao" column="apuracao" />

		<property name="MicroempreeIndividual" column="microempree_individual" />

		<property name="CalcPisCofinsEfd" column="calc_pis_cofins_efd" />

		<property name="SimplesCodigoAcesso" column="simples_codigo_acesso" />

		<property name="SimplesTabela" column="simples_tabela" />

		<property name="SimplesAtividade" column="simples_atividade" />

		<property name="PerfilSped" column="perfil_sped" />

		<property name="ApuracaoConsolidada" column="apuracao_consolidada" />

		<property name="SubstituicaoTributaria" column="substituicao_tributaria" />

		<property name="FormaCalculoIss" column="forma_calculo_iss" />

		<many-to-one name="FiscalEstadualRegimeModel" class="FiscalEstadualRegimeModel" column="id_fiscal_estadual_regime" />

		<many-to-one name="FiscalEstadualPorteModel" class="FiscalEstadualPorteModel" column="id_fiscal_estadual_porte" />

		<many-to-one name="FiscalMunicipalRegimeModel" class="FiscalMunicipalRegimeModel" column="id_fiscal_municipal_regime" />

		<bag name="FiscalInscricoesSubstitutasModelList" table="fiscal_inscricoes_substitutas" cascade="all-delete-orphan" inverse="true">
		<key column="id_fiscal_parametros"/> 
		<one-to-many class="FiscalInscricoesSubstitutasModel"/> 
	</bag> 

  </class>
</hibernate-mapping>