<?xml version="1.0" encoding="utf-8"?>
<hibernate-mapping assembly="fiscal" namespace="fiscal.Models" default-lazy="false" xmlns="urn:nhibernate-mapping-2.2">
  <class name="NfeCabecalhoModel" table="nfe_cabecalho" >
		<id name="Id" column="id">
			<generator class="identity" />
		</id> 

		<property name="IdVendedor" column="id_vendedor" />

		<property name="UfEmitente" column="uf_emitente" />

		<property name="CodigoNumerico" column="codigo_numerico" />

		<property name="NaturezaOperacao" column="natureza_operacao" />

		<property name="CodigoModelo" column="codigo_modelo" />

		<property name="Serie" column="serie" />

		<property name="Numero" column="numero" />

		<property name="DataHoraEmissao" column="data_hora_emissao" />

		<property name="DataHoraEntradaSaida" column="data_hora_entrada_saida" />

		<property name="TipoOperacao" column="tipo_operacao" />

		<property name="LocalDestino" column="local_destino" />

		<property name="CodigoMunicipio" column="codigo_municipio" />

		<property name="FormatoImpressaoDanfe" column="formato_impressao_danfe" />

		<property name="TipoEmissao" column="tipo_emissao" />

		<property name="ChaveAcesso" column="chave_acesso" />

		<property name="DigitoChaveAcesso" column="digito_chave_acesso" />

		<property name="Ambiente" column="ambiente" />

		<property name="FinalidadeEmissao" column="finalidade_emissao" />

		<property name="ConsumidorOperacao" column="consumidor_operacao" />

		<property name="ConsumidorPresenca" column="consumidor_presenca" />

		<property name="ProcessoEmissao" column="processo_emissao" />

		<property name="VersaoProcessoEmissao" column="versao_processo_emissao" />

		<property name="DataEntradaContingencia" column="data_entrada_contingencia" />

		<property name="JustificativaContingencia" column="justificativa_contingencia" />

		<property name="BaseCalculoIcms" column="base_calculo_icms" />

		<property name="ValorIcms" column="valor_icms" />

		<property name="ValorIcmsDesonerado" column="valor_icms_desonerado" />

		<property name="TotalIcmsFcpUfDestino" column="total_icms_fcp_uf_destino" />

		<property name="TotalIcmsInterestadualUfDestino" column="total_icms_interestadual_uf_destino" />

		<property name="TotalIcmsInterestadualUfRemetente" column="total_icms_interestadual_uf_remetente" />

		<property name="ValorTotalFcp" column="valor_total_fcp" />

		<property name="BaseCalculoIcmsSt" column="base_calculo_icms_st" />

		<property name="ValorIcmsSt" column="valor_icms_st" />

		<property name="ValorTotalFcpSt" column="valor_total_fcp_st" />

		<property name="ValorTotalFcpStRetido" column="valor_total_fcp_st_retido" />

		<property name="ValorTotalProdutos" column="valor_total_produtos" />

		<property name="ValorFrete" column="valor_frete" />

		<property name="ValorSeguro" column="valor_seguro" />

		<property name="ValorDesconto" column="valor_desconto" />

		<property name="ValorImpostoImportacao" column="valor_imposto_importacao" />

		<property name="ValorIpi" column="valor_ipi" />

		<property name="ValorIpiDevolvido" column="valor_ipi_devolvido" />

		<property name="ValorPis" column="valor_pis" />

		<property name="ValorCofins" column="valor_cofins" />

		<property name="ValorDespesasAcessorias" column="valor_despesas_acessorias" />

		<property name="ValorTotal" column="valor_total" />

		<property name="ValorTotalTributos" column="valor_total_tributos" />

		<property name="ValorServicos" column="valor_servicos" />

		<property name="BaseCalculoIssqn" column="base_calculo_issqn" />

		<property name="ValorIssqn" column="valor_issqn" />

		<property name="ValorPisIssqn" column="valor_pis_issqn" />

		<property name="ValorCofinsIssqn" column="valor_cofins_issqn" />

		<property name="DataPrestacaoServico" column="data_prestacao_servico" />

		<property name="ValorDeducaoIssqn" column="valor_deducao_issqn" />

		<property name="OutrasRetencoesIssqn" column="outras_retencoes_issqn" />

		<property name="DescontoIncondicionadoIssqn" column="desconto_incondicionado_issqn" />

		<property name="DescontoCondicionadoIssqn" column="desconto_condicionado_issqn" />

		<property name="TotalRetencaoIssqn" column="total_retencao_issqn" />

		<property name="RegimeEspecialTributacao" column="regime_especial_tributacao" />

		<property name="ValorRetidoPis" column="valor_retido_pis" />

		<property name="ValorRetidoCofins" column="valor_retido_cofins" />

		<property name="ValorRetidoCsll" column="valor_retido_csll" />

		<property name="BaseCalculoIrrf" column="base_calculo_irrf" />

		<property name="ValorRetidoIrrf" column="valor_retido_irrf" />

		<property name="BaseCalculoPrevidencia" column="base_calculo_previdencia" />

		<property name="ValorRetidoPrevidencia" column="valor_retido_previdencia" />

		<property name="InformacoesAddFisco" column="informacoes_add_fisco" />

		<property name="InformacoesAddContribuinte" column="informacoes_add_contribuinte" />

		<property name="ComexUfEmbarque" column="comex_uf_embarque" />

		<property name="ComexLocalEmbarque" column="comex_local_embarque" />

		<property name="ComexLocalDespacho" column="comex_local_despacho" />

		<property name="CompraNotaEmpenho" column="compra_nota_empenho" />

		<property name="CompraPedido" column="compra_pedido" />

		<property name="CompraContrato" column="compra_contrato" />

		<property name="Qrcode" column="qrcode" />

		<property name="UrlChave" column="url_chave" />

		<property name="StatusNota" column="status_nota" />

		<property name="IdFornecedor" column="id_fornecedor" />

		<property name="IdNfceMovimento" column="id_nfce_movimento" />

		<property name="IdVendaCabecalho" column="id_venda_cabecalho" />

		<property name="IdTributOperacaoFiscal" column="id_tribut_operacao_fiscal" />

		<property name="IdCliente" column="id_cliente" />

  </class>
</hibernate-mapping>