<?xml version="1.0" encoding="utf-8"?>
<hibernate-mapping assembly="fiscal" namespace="fiscal.Models" default-lazy="false" xmlns="urn:nhibernate-mapping-2.2">
  <class name="SimplesNacionalCabecalhoModel" table="simples_nacional_cabecalho" >
		<id name="Id" column="id">
			<generator class="identity" />
		</id> 

		<property name="VigenciaInicial" column="vigencia_inicial" />

		<property name="VigenciaFinal" column="vigencia_final" />

		<property name="Anexo" column="anexo" />

		<property name="Tabela" column="tabela" />

		<bag name="SimplesNacionalDetalheModelList" table="simples_nacional_detalhe" cascade="all-delete-orphan" inverse="true">
		<key column="id_simples_nacional_cabecalho"/> 
		<one-to-many class="SimplesNacionalDetalheModel"/> 
	</bag> 

  </class>
</hibernate-mapping>