<?xml version="1.0" encoding="utf-8"?>
<hibernate-mapping assembly="folha" namespace="folha.Models" default-lazy="false" xmlns="urn:nhibernate-mapping-2.2">
  <class name="EmpresaTransporteModel" table="empresa_transporte" >
		<id name="Id" column="id">
			<generator class="identity" />
		</id> 

		<property name="Nome" column="nome" />

		<property name="Uf" column="uf" />

		<property name="ClassificacaoContabilConta" column="classificacao_contabil_conta" />

		<bag name="EmpresaTransporteItinerarioModelList" table="empresa_transporte_itinerario" cascade="all-delete-orphan" inverse="true">
		<key column="id_empresa_transporte"/> 
		<one-to-many class="EmpresaTransporteItinerarioModel"/> 
	</bag> 

  </class>
</hibernate-mapping>