<?xml version="1.0" encoding="utf-8"?>
<hibernate-mapping assembly="folha" namespace="folha.Models" default-lazy="false" xmlns="urn:nhibernate-mapping-2.2">
  <class name="FeriasPeriodoAquisitivoModel" table="ferias_periodo_aquisitivo" >
		<id name="Id" column="id">
			<generator class="identity" />
		</id> 

		<property name="DataInicio" column="data_inicio" />

		<property name="DataFim" column="data_fim" />

		<property name="Situacao" column="situacao" />

		<property name="LimiteParaGozo" column="limite_para_gozo" />

		<property name="DescontarFaltas" column="descontar_faltas" />

		<property name="DesconsiderarAfastamento" column="desconsiderar_afastamento" />

		<property name="AfastamentoPrevidencia" column="afastamento_previdencia" />

		<property name="AfastamentoSemRemun" column="afastamento_sem_remun" />

		<property name="AfastamentoComRemun" column="afastamento_com_remun" />

		<property name="DiasDireito" column="dias_direito" />

		<property name="DiasGozados" column="dias_gozados" />

		<property name="DiasFaltas" column="dias_faltas" />

		<property name="DiasRestantes" column="dias_restantes" />

		<many-to-one name="ViewPessoaColaboradorModel" class="ViewPessoaColaboradorModel" column="id_colaborador" />

  </class>
</hibernate-mapping>