<?xml version="1.0" encoding="utf-8"?>
<hibernate-mapping assembly="folha" namespace="folha.Models" default-lazy="false" xmlns="urn:nhibernate-mapping-2.2">
  <class name="FolhaPppAtividadeModel" table="folha_ppp_atividade" >
		<id name="Id" column="id">
			<generator class="identity" />
		</id> 

		<property name="DataInicio" column="data_inicio" />

		<property name="DataFim" column="data_fim" />

		<property name="Descricao" column="descricao" />

		<many-to-one name="FolhaPppModel" class="FolhaPppModel" column="id_folha_ppp" unique="true" />

  </class>
</hibernate-mapping>