<?xml version="1.0" encoding="utf-8"?>
<hibernate-mapping assembly="folha" namespace="folha.Models" default-lazy="false" xmlns="urn:nhibernate-mapping-2.2">
  <class name="FolhaTipoAfastamentoModel" table="folha_tipo_afastamento" >
		<id name="Id" column="id">
			<generator class="identity" />
		</id> 

		<property name="Codigo" column="codigo" />

		<property name="Nome" column="nome" />

		<property name="CodigoEsocial" column="codigo_esocial" />

		<property name="Descricao" column="descricao" />

  </class>
</hibernate-mapping>