<?xml version="1.0" encoding="utf-8"?>
<hibernate-mapping assembly="folha" namespace="folha.Models" default-lazy="false" xmlns="urn:nhibernate-mapping-2.2">
  <class name="FolhaLancamentoCabecalhoModel" table="folha_lancamento_cabecalho" >
		<id name="Id" column="id">
			<generator class="identity" />
		</id> 

		<property name="Competencia" column="competencia" />

		<property name="Tipo" column="tipo" />

		<many-to-one name="ViewPessoaColaboradorModel" class="ViewPessoaColaboradorModel" column="id_colaborador" />

		<bag name="FolhaLancamentoDetalheModelList" table="folha_lancamento_detalhe" cascade="all-delete-orphan" inverse="true">
		<key column="id_folha_lancamento_cabecalho"/> 
		<one-to-many class="FolhaLancamentoDetalheModel"/> 
	</bag> 

  </class>
</hibernate-mapping>