<?xml version="1.0" encoding="utf-8"?>
<hibernate-mapping assembly="folha" namespace="folha.Models" default-lazy="false" xmlns="urn:nhibernate-mapping-2.2">
  <class name="FolhaPppModel" table="folha_ppp" >
		<id name="Id" column="id">
			<generator class="identity" />
		</id> 

		<property name="Observacao" column="observacao" />

		<many-to-one name="ViewPessoaColaboradorModel" class="ViewPessoaColaboradorModel" column="id_colaborador" />

		<bag name="FolhaPppCatModelList" table="folha_ppp_cat" cascade="all-delete-orphan" inverse="true">
		<key column="id_folha_ppp"/> 
		<one-to-many class="FolhaPppCatModel"/> 
	</bag> 

		<bag name="FolhaPppAtividadeModelList" table="folha_ppp_atividade" cascade="all-delete-orphan" inverse="true">
		<key column="id_folha_ppp"/> 
		<one-to-many class="FolhaPppAtividadeModel"/> 
	</bag> 

		<bag name="FolhaPppFatorRiscoModelList" table="folha_ppp_fator_risco" cascade="all-delete-orphan" inverse="true">
		<key column="id_folha_ppp"/> 
		<one-to-many class="FolhaPppFatorRiscoModel"/> 
	</bag> 

		<bag name="FolhaPppExameMedicoModelList" table="folha_ppp_exame_medico" cascade="all-delete-orphan" inverse="true">
		<key column="id_folha_ppp"/> 
		<one-to-many class="FolhaPppExameMedicoModel"/> 
	</bag> 

  </class>
</hibernate-mapping>