<?xml version="1.0" encoding="utf-8"?>
<hibernate-mapping assembly="folha" namespace="folha.Models" default-lazy="false" xmlns="urn:nhibernate-mapping-2.2">
  <class name="FolhaInssRetencaoModel" table="folha_inss_retencao" >
		<id name="Id" column="id">
			<generator class="identity" />
		</id> 

		<property name="ValorMensal" column="valor_mensal" />

		<property name="Valor13" column="valor_13" />

		<many-to-one name="FolhaInssModel" class="FolhaInssModel" column="id_folha_inss" unique="true" />

		<many-to-one name="FolhaInssServicoModel" class="FolhaInssServicoModel" column="id_folha_inss_servico" />

  </class>
</hibernate-mapping>