<?xml version="1.0" encoding="utf-8"?>
<hibernate-mapping assembly="folha" namespace="folha.Models" default-lazy="false" xmlns="urn:nhibernate-mapping-2.2">
  <class name="FolhaPppFatorRiscoModel" table="folha_ppp_fator_risco" >
		<id name="Id" column="id">
			<generator class="identity" />
		</id> 

		<property name="DataInicio" column="data_inicio" />

		<property name="DataFim" column="data_fim" />

		<property name="Tipo" column="tipo" />

		<property name="FatorRisco" column="fator_risco" />

		<property name="Intensidade" column="intensidade" />

		<property name="TecnicaUtilizada" column="tecnica_utilizada" />

		<property name="EpcEficaz" column="epc_eficaz" />

		<property name="EpiEficaz" column="epi_eficaz" />

		<property name="CaEpi" column="ca_epi" />

		<property name="AtendimentoNr061" column="atendimento_nr06_1" />

		<property name="AtendimentoNr062" column="atendimento_nr06_2" />

		<property name="AtendimentoNr063" column="atendimento_nr06_3" />

		<property name="AtendimentoNr064" column="atendimento_nr06_4" />

		<property name="AtendimentoNr065" column="atendimento_nr06_5" />

		<many-to-one name="FolhaPppModel" class="FolhaPppModel" column="id_folha_ppp" unique="true" />

  </class>
</hibernate-mapping>