<?xml version="1.0" encoding="utf-8"?>
<hibernate-mapping assembly="folha" namespace="folha.Models" default-lazy="false" xmlns="urn:nhibernate-mapping-2.2">
  <class name="FolhaRescisaoModel" table="folha_rescisao" >
		<id name="Id" column="id">
			<generator class="identity" />
		</id> 

		<property name="DataDemissao" column="data_demissao" />

		<property name="DataPagamento" column="data_pagamento" />

		<property name="Motivo" column="motivo" />

		<property name="MotivoEsocial" column="motivo_esocial" />

		<property name="DataAvisoPrevio" column="data_aviso_previo" />

		<property name="DiasAvisoPrevio" column="dias_aviso_previo" />

		<property name="ComprovouNovoEmprego" column="comprovou_novo_emprego" />

		<property name="DispensouEmpregado" column="dispensou_empregado" />

		<property name="PensaoAlimenticia" column="pensao_alimenticia" />

		<property name="PensaoAlimenticiaFgts" column="pensao_alimenticia_fgts" />

		<property name="FgtsValorRescisao" column="fgts_valor_rescisao" />

		<property name="FgtsSaldoBanco" column="fgts_saldo_banco" />

		<property name="FgtsComplementoSaldo" column="fgts_complemento_saldo" />

		<property name="FgtsCodigoAfastamento" column="fgts_codigo_afastamento" />

		<property name="FgtsCodigoSaque" column="fgts_codigo_saque" />

		<many-to-one name="ViewPessoaColaboradorModel" class="ViewPessoaColaboradorModel" column="id_colaborador" />

  </class>
</hibernate-mapping>