<?xml version="1.0" encoding="utf-8"?>
<hibernate-mapping assembly="folha" namespace="folha.Models" default-lazy="false" xmlns="urn:nhibernate-mapping-2.2">
  <class name="FolhaEventoModel" table="folha_evento" >
		<id name="Id" column="id">
			<generator class="identity" />
		</id> 

		<property name="Codigo" column="codigo" />

		<property name="Nome" column="nome" />

		<property name="Descricao" column="descricao" />

		<property name="BaseCalculo" column="base_calculo" />

		<property name="Tipo" column="tipo" />

		<property name="Unidade" column="unidade" />

		<property name="Taxa" column="taxa" />

		<property name="RubricaEsocial" column="rubrica_esocial" />

		<property name="CodIncidenciaPrevidencia" column="cod_incidencia_previdencia" />

		<property name="CodIncidenciaIrrf" column="cod_incidencia_irrf" />

		<property name="CodIncidenciaFgts" column="cod_incidencia_fgts" />

		<property name="CodIncidenciaSindicato" column="cod_incidencia_sindicato" />

		<property name="RepercuteDsr" column="repercute_dsr" />

		<property name="Repercute13" column="repercute_13" />

		<property name="RepercuteFerias" column="repercute_ferias" />

		<property name="RepercuteAviso" column="repercute_aviso" />

  </class>
</hibernate-mapping>