<?xml version="1.0" encoding="utf-8"?>
<hibernate-mapping assembly="folha" namespace="folha.Models" default-lazy="false" xmlns="urn:nhibernate-mapping-2.2">
  <class name="GuiasAcumuladasModel" table="guias_acumuladas" >
		<id name="Id" column="id">
			<generator class="identity" />
		</id> 

		<property name="GpsTipo" column="gps_tipo" />

		<property name="GpsCompetencia" column="gps_competencia" />

		<property name="GpsValorInss" column="gps_valor_inss" />

		<property name="GpsValorOutrasEnt" column="gps_valor_outras_ent" />

		<property name="GpsDataPagamento" column="gps_data_pagamento" />

		<property name="IrrfCompetencia" column="irrf_competencia" />

		<property name="IrrfCodigoRecolhimento" column="irrf_codigo_recolhimento" />

		<property name="IrrfValorAcumulado" column="irrf_valor_acumulado" />

		<property name="IrrfDataPagamento" column="irrf_data_pagamento" />

		<property name="PisCompetencia" column="pis_competencia" />

		<property name="PisValorAcumulado" column="pis_valor_acumulado" />

		<property name="PisDataPagamento" column="pis_data_pagamento" />

  </class>
</hibernate-mapping>