<?xml version="1.0" encoding="utf-8"?>
<hibernate-mapping assembly="folha" namespace="folha.Models" default-lazy="false" xmlns="urn:nhibernate-mapping-2.2">
  <class name="OperadoraPlanoSaudeModel" table="operadora_plano_saude" >
		<id name="Id" column="id">
			<generator class="identity" />
		</id> 

		<property name="Nome" column="nome" />

		<property name="RegistroAns" column="registro_ans" />

		<property name="ClassificacaoContabilConta" column="classificacao_contabil_conta" />

  </class>
</hibernate-mapping>