<?xml version="1.0" encoding="utf-8"?>
<hibernate-mapping assembly="folha" namespace="folha.Models" default-lazy="false" xmlns="urn:nhibernate-mapping-2.2">
  <class name="ViewPessoaUsuarioModel" table="view_pessoa_usuario" >
		<id name="Id" column="id">
			<generator class="identity" />
		</id> 

		<property name="IdPessoa" column="id_pessoa" />

		<property name="PessoaNome" column="pessoa_nome" />

		<property name="Tipo" column="tipo" />

		<property name="Email" column="email" />

		<property name="IdColaborador" column="id_colaborador" />

		<property name="IdUsuario" column="id_usuario" />

		<property name="Login" column="login" />

		<property name="Senha" column="senha" />

		<property name="DataCadastro" column="data_cadastro" />

		<property name="Administrador" column="administrador" />

  </class>
</hibernate-mapping>