<?xml version="1.0" encoding="utf-8"?>
<hibernate-mapping assembly="financeiro" namespace="financeiro.Models" default-lazy="false" xmlns="urn:nhibernate-mapping-2.2">
  <class name="ChequeModel" table="cheque" >
		<id name="Id" column="id">
			<generator class="identity" />
		</id> 

		<property name="Numero" column="numero" />

		<property name="StatusCheque" column="status_cheque" />

		<property name="DataStatus" column="data_status" />

		<many-to-one name="TalonarioChequeModel" class="TalonarioChequeModel" column="id_talonario_cheque" unique="true" />

  </class>
</hibernate-mapping>