<?xml version="1.0" encoding="utf-8"?>
<hibernate-mapping assembly="financeiro" namespace="financeiro.Models" default-lazy="false" xmlns="urn:nhibernate-mapping-2.2">
  <class name="FinChequeRecebidoModel" table="fin_cheque_recebido" >
		<id name="Id" column="id">
			<generator class="identity" />
		</id> 

		<property name="Cpf" column="cpf" />

		<property name="Cnpj" column="cnpj" />

		<property name="Nome" column="nome" />

		<property name="CodigoBanco" column="codigo_banco" />

		<property name="CodigoAgencia" column="codigo_agencia" />

		<property name="Conta" column="conta" />

		<property name="Numero" column="numero" />

		<property name="DataEmissao" column="data_emissao" />

		<property name="BomPara" column="bom_para" />

		<property name="DataCompensacao" column="data_compensacao" />

		<property name="Valor" column="valor" />

		<property name="CustodiaData" column="custodia_data" />

		<property name="CustodiaTarifa" column="custodia_tarifa" />

		<property name="CustodiaComissao" column="custodia_comissao" />

		<property name="DescontoData" column="desconto_data" />

		<property name="DescontoTarifa" column="desconto_tarifa" />

		<property name="DescontoComissao" column="desconto_comissao" />

		<property name="ValorRecebido" column="valor_recebido" />

		<many-to-one name="ViewPessoaClienteModel" class="ViewPessoaClienteModel" column="id_cliente" />

  </class>
</hibernate-mapping>