<?xml version="1.0" encoding="utf-8"?>
<hibernate-mapping assembly="financeiro" namespace="financeiro.Models" default-lazy="false" xmlns="urn:nhibernate-mapping-2.2">
  <class name="FinExtratoContaBancoModel" table="fin_extrato_conta_banco" >
		<id name="Id" column="id">
			<generator class="identity" />
		</id> 

		<property name="MesAno" column="mes_ano" />

		<property name="Mes" column="mes" />

		<property name="Ano" column="ano" />

		<property name="DataMovimento" column="data_movimento" />

		<property name="DataBalancete" column="data_balancete" />

		<property name="Historico" column="historico" />

		<property name="Documento" column="documento" />

		<property name="Valor" column="valor" />

		<property name="Conciliado" column="conciliado" />

		<property name="Observacao" column="observacao" />

		<many-to-one name="BancoContaCaixaModel" class="BancoContaCaixaModel" column="id_banco_conta_caixa" />

  </class>
</hibernate-mapping>