<?xml version="1.0" encoding="utf-8"?>
<hibernate-mapping assembly="financeiro" namespace="financeiro.Models" default-lazy="false" xmlns="urn:nhibernate-mapping-2.2">
  <class name="FinFechamentoCaixaBancoModel" table="fin_fechamento_caixa_banco" >
		<id name="Id" column="id">
			<generator class="identity" />
		</id> 

		<property name="DataFechamento" column="data_fechamento" />

		<property name="MesAno" column="mes_ano" />

		<property name="Mes" column="mes" />

		<property name="Ano" column="ano" />

		<property name="SaldoAnterior" column="saldo_anterior" />

		<property name="Recebimentos" column="recebimentos" />

		<property name="Pagamentos" column="pagamentos" />

		<property name="SaldoConta" column="saldo_conta" />

		<property name="ChequeNaoCompensado" column="cheque_nao_compensado" />

		<property name="SaldoDisponivel" column="saldo_disponivel" />

		<many-to-one name="BancoContaCaixaModel" class="BancoContaCaixaModel" column="id_banco_conta_caixa" />

  </class>
</hibernate-mapping>