<?xml version="1.0" encoding="utf-8"?>
<hibernate-mapping assembly="financeiro" namespace="financeiro.Models" default-lazy="false" xmlns="urn:nhibernate-mapping-2.2">
  <class name="FinLancamentoReceberModel" table="fin_lancamento_receber" >
		<id name="Id" column="id">
			<generator class="identity" />
		</id> 

		<property name="QuantidadeParcela" column="quantidade_parcela" />

		<property name="ValorAReceber" column="valor_a_receber" />

		<property name="DataLancamento" column="data_lancamento" />

		<property name="NumeroDocumento" column="numero_documento" />

		<property name="PrimeiroVencimento" column="primeiro_vencimento" />

		<property name="TaxaComissao" column="taxa_comissao" />

		<property name="ValorComissao" column="valor_comissao" />

		<property name="IntervaloEntreParcelas" column="intervalo_entre_parcelas" />

		<property name="DiaFixo" column="dia_fixo" />

		<many-to-one name="FinDocumentoOrigemModel" class="FinDocumentoOrigemModel" column="id_fin_documento_origem" />

		<many-to-one name="BancoContaCaixaModel" class="BancoContaCaixaModel" column="id_banco_conta_caixa" />

		<many-to-one name="FinNaturezaFinanceiraModel" class="FinNaturezaFinanceiraModel" column="id_fin_natureza_financeira" />

		<many-to-one name="ViewPessoaClienteModel" class="ViewPessoaClienteModel" column="id_cliente" />

		<bag name="FinParcelaReceberModelList" table="fin_parcela_receber" cascade="all-delete-orphan" inverse="true">
		<key column="id_fin_lancamento_receber"/> 
		<one-to-many class="FinParcelaReceberModel"/> 
	</bag> 

  </class>
</hibernate-mapping>