<?xml version="1.0" encoding="utf-8"?>
<hibernate-mapping assembly="financeiro" namespace="financeiro.Models" default-lazy="false" xmlns="urn:nhibernate-mapping-2.2">
  <class name="FinParcelaReceberModel" table="fin_parcela_receber" >
		<id name="Id" column="id">
			<generator class="identity" />
		</id> 

		<property name="NumeroParcela" column="numero_parcela" />

		<property name="DataEmissao" column="data_emissao" />

		<property name="DataVencimento" column="data_vencimento" />

		<property name="DataRecebimento" column="data_recebimento" />

		<property name="DescontoAte" column="desconto_ate" />

		<property name="Valor" column="valor" />

		<property name="TaxaJuro" column="taxa_juro" />

		<property name="TaxaMulta" column="taxa_multa" />

		<property name="TaxaDesconto" column="taxa_desconto" />

		<property name="ValorJuro" column="valor_juro" />

		<property name="ValorMulta" column="valor_multa" />

		<property name="ValorDesconto" column="valor_desconto" />

		<property name="EmitiuBoleto" column="emitiu_boleto" />

		<property name="BoletoNossoNumero" column="boleto_nosso_numero" />

		<property name="ValorRecebido" column="valor_recebido" />

		<property name="Historico" column="historico" />

		<many-to-one name="FinLancamentoReceberModel" class="FinLancamentoReceberModel" column="id_fin_lancamento_receber" unique="true" />

		<many-to-one name="FinStatusParcelaModel" class="FinStatusParcelaModel" column="id_fin_status_parcela" />

		<many-to-one name="FinTipoRecebimentoModel" class="FinTipoRecebimentoModel" column="id_fin_tipo_recebimento" />

  </class>
</hibernate-mapping>