<?xml version="1.0" encoding="utf-8"?>
<hibernate-mapping assembly="financeiro" namespace="financeiro.Models" default-lazy="false" xmlns="urn:nhibernate-mapping-2.2">
  <class name="FinStatusParcelaModel" table="fin_status_parcela" >
		<id name="Id" column="id">
			<generator class="identity" />
		</id> 

		<property name="Situacao" column="situacao" />

		<property name="Descricao" column="descricao" />

		<property name="Procedimento" column="procedimento" />

  </class>
</hibernate-mapping>