<?xml version="1.0" encoding="utf-8"?>
<hibernate-mapping assembly="financeiro" namespace="financeiro.Models" default-lazy="false" xmlns="urn:nhibernate-mapping-2.2">
  <class name="TalonarioChequeModel" table="talonario_cheque" >
		<id name="Id" column="id">
			<generator class="identity" />
		</id> 

		<property name="Talao" column="talao" />

		<property name="Numero" column="numero" />

		<property name="StatusTalao" column="status_talao" />

		<many-to-one name="BancoContaCaixaModel" class="BancoContaCaixaModel" column="id_banco_conta_caixa" />

		<bag name="ChequeModelList" table="cheque" cascade="all-delete-orphan" inverse="true">
		<key column="id_talonario_cheque"/> 
		<one-to-many class="ChequeModel"/> 
	</bag> 

  </class>
</hibernate-mapping>