<?xml version="1.0" encoding="utf-8"?>
<hibernate-mapping assembly="agenda" namespace="agenda.Models" default-lazy="false" xmlns="urn:nhibernate-mapping-2.2">
  <class name="AgendaCompromissoModel" table="agenda_compromisso" >
		<id name="Id" column="id">
			<generator class="identity" />
		</id> 

		<property name="DataCompromisso" column="data_compromisso" />

		<property name="Hora" column="hora" />

		<property name="Duracao" column="duracao" />

		<property name="Tipo" column="tipo" />

		<property name="Onde" column="onde" />

		<property name="Descricao" column="descricao" />

		<many-to-one name="ViewPessoaColaboradorModel" class="ViewPessoaColaboradorModel" column="id_colaborador" />

		<many-to-one name="AgendaCategoriaCompromissoModel" class="AgendaCategoriaCompromissoModel" column="id_agenda_categoria_compromisso" />

		<bag name="AgendaNotificacaoModelList" table="agenda_notificacao" cascade="all-delete-orphan" inverse="true">
		<key column="id_agenda_compromisso"/> 
		<one-to-many class="AgendaNotificacaoModel"/> 
	</bag> 

		<bag name="AgendaCompromissoConvidadoModelList" table="agenda_compromisso_convidado" cascade="all-delete-orphan" inverse="true">
		<key column="id_agenda_compromisso"/> 
		<one-to-many class="AgendaCompromissoConvidadoModel"/> 
	</bag> 

		<bag name="ReuniaoSalaEventoModelList" table="reuniao_sala_evento" cascade="all-delete-orphan" inverse="true">
		<key column="id_agenda_compromisso"/> 
		<one-to-many class="ReuniaoSalaEventoModel"/> 
	</bag> 

  </class>
</hibernate-mapping>