<?xml version="1.0" encoding="utf-8"?>
<hibernate-mapping assembly="agenda" namespace="agenda.Models" default-lazy="false" xmlns="urn:nhibernate-mapping-2.2">
  <class name="AgendaNotificacaoModel" table="agenda_notificacao" >
		<id name="Id" column="id">
			<generator class="identity" />
		</id> 

		<property name="DataNotificacao" column="data_notificacao" />

		<property name="Hora" column="hora" />

		<property name="Tipo" column="tipo" />

		<many-to-one name="AgendaCompromissoModel" class="AgendaCompromissoModel" column="id_agenda_compromisso" unique="true" />

  </class>
</hibernate-mapping>