<?xml version="1.0" encoding="utf-8"?>
<hibernate-mapping assembly="agenda" namespace="agenda.Models" default-lazy="false" xmlns="urn:nhibernate-mapping-2.2">
  <class name="RecadoRemetenteModel" table="recado_remetente" >
		<id name="Id" column="id">
			<generator class="identity" />
		</id> 

		<property name="DataEnvio" column="data_envio" />

		<property name="HoraEnvio" column="hora_envio" />

		<property name="Assunto" column="assunto" />

		<property name="Texto" column="texto" />

		<many-to-one name="ViewPessoaColaboradorModel" class="ViewPessoaColaboradorModel" column="id_colaborador" />

		<bag name="RecadoDestinatarioModelList" table="recado_destinatario" cascade="all-delete-orphan" inverse="true">
		<key column="id_recado_remetente"/> 
		<one-to-many class="RecadoDestinatarioModel"/> 
	</bag> 

  </class>
</hibernate-mapping>