<?xml version="1.0" encoding="utf-8"?>
<hibernate-mapping assembly="mdfe" namespace="mdfe.Models" default-lazy="false" xmlns="urn:nhibernate-mapping-2.2">
  <class name="MdfeRodoviarioPedagioModel" table="mdfe_rodoviario_pedagio" >
		<id name="Id" column="id">
			<generator class="identity" />
		</id> 

		<property name="CnpjFornecedor" column="cnpj_fornecedor" />

		<property name="CnpjResponsavel" column="cnpj_responsavel" />

		<property name="CpfResponsavel" column="cpf_responsavel" />

		<property name="NumeroComprovante" column="numero_comprovante" />

		<property name="Valor" column="valor" />

		<many-to-one name="MdfeRodoviarioModel" class="MdfeRodoviarioModel" column="id_mdfe_rodoviario" />

  </class>
</hibernate-mapping>