<?xml version="1.0" encoding="utf-8"?>
<hibernate-mapping assembly="mdfe" namespace="mdfe.Models" default-lazy="false" xmlns="urn:nhibernate-mapping-2.2">
  <class name="MdfeRodoviarioVeiculoModel" table="mdfe_rodoviario_veiculo" >
		<id name="Id" column="id">
			<generator class="identity" />
		</id> 

		<property name="CodigoInterno" column="codigo_interno" />

		<property name="Placa" column="placa" />

		<property name="Renavam" column="renavam" />

		<property name="Tara" column="tara" />

		<property name="CapacidadeKg" column="capacidade_kg" />

		<property name="CapacidadeM3" column="capacidade_m3" />

		<property name="TipoRodado" column="tipo_rodado" />

		<property name="TipoCarroceria" column="tipo_carroceria" />

		<property name="UfLicenciamento" column="uf_licenciamento" />

		<property name="ProprietarioCpf" column="proprietario_cpf" />

		<property name="ProprietarioCnpj" column="proprietario_cnpj" />

		<property name="ProprietarioRntrc" column="proprietario_rntrc" />

		<property name="ProprietarioNome" column="proprietario_nome" />

		<property name="ProprietarioIe" column="proprietario_ie" />

		<property name="ProprietarioTipo" column="proprietario_tipo" />

		<many-to-one name="MdfeRodoviarioModel" class="MdfeRodoviarioModel" column="id_mdfe_rodoviario" />

  </class>
</hibernate-mapping>