<?xml version="1.0" encoding="utf-8"?>
<hibernate-mapping assembly="mdfe" namespace="mdfe.Models" default-lazy="false" xmlns="urn:nhibernate-mapping-2.2">
  <class name="MdfeInformacaoSeguroModel" table="mdfe_informacao_seguro" >
		<id name="Id" column="id">
			<generator class="identity" />
		</id> 

		<property name="Responsavel" column="responsavel" />

		<property name="CnpjCpf" column="cnpj_cpf" />

		<property name="Seguradora" column="seguradora" />

		<property name="CnpjSeguradora" column="cnpj_seguradora" />

		<property name="Apolice" column="apolice" />

		<property name="Averbacao" column="averbacao" />

		<many-to-one name="MdfeCabecalhoModel" class="MdfeCabecalhoModel" column="id_mdfe_cabecalho" unique="true" />

  </class>
</hibernate-mapping>