<?xml version="1.0" encoding="utf-8"?>
<hibernate-mapping assembly="mdfe" namespace="mdfe.Models" default-lazy="false" xmlns="urn:nhibernate-mapping-2.2">
  <class name="MdfeRodoviarioCiotModel" table="mdfe_rodoviario_ciot" >
		<id name="Id" column="id">
			<generator class="identity" />
		</id> 

		<property name="Ciot" column="ciot" />

		<property name="Cpf" column="cpf" />

		<property name="Cnpj" column="cnpj" />

		<many-to-one name="MdfeRodoviarioModel" class="MdfeRodoviarioModel" column="id_mdfe_rodoviario" />

  </class>
</hibernate-mapping>