<?xml version="1.0" encoding="utf-8"?>
<hibernate-mapping assembly="mdfe" namespace="mdfe.Models" default-lazy="false" xmlns="urn:nhibernate-mapping-2.2">
  <class name="MdfeRodoviarioModel" table="mdfe_rodoviario" >
		<id name="Id" column="id">
			<generator class="identity" />
		</id> 

		<property name="Rntrc" column="rntrc" />

		<property name="CodigoAgendamento" column="codigo_agendamento" />

		<many-to-one name="MdfeCabecalhoModel" class="MdfeCabecalhoModel" column="id_mdfe_cabecalho" unique="true" />

  </class>
</hibernate-mapping>