<?xml version="1.0" encoding="utf-8"?>
<hibernate-mapping assembly="patrimonio" namespace="patrimonio.Models" default-lazy="false" xmlns="urn:nhibernate-mapping-2.2">
  <class name="PatrimTaxaDepreciacaoModel" table="patrim_taxa_depreciacao" >
		<id name="Id" column="id">
			<generator class="identity" />
		</id> 

		<property name="Ncm" column="ncm" />

		<property name="Bem" column="bem" />

		<property name="Vida" column="vida" />

		<property name="Taxa" column="taxa" />

  </class>
</hibernate-mapping>