<?xml version="1.0" encoding="utf-8"?>
<hibernate-mapping assembly="patrimonio" namespace="patrimonio.Models" default-lazy="false" xmlns="urn:nhibernate-mapping-2.2">
  <class name="PatrimApoliceSeguroModel" table="patrim_apolice_seguro" >
		<id name="Id" column="id">
			<generator class="identity" />
		</id> 

		<property name="Numero" column="numero" />

		<property name="DataContratacao" column="data_contratacao" />

		<property name="DataVencimento" column="data_vencimento" />

		<property name="ValorPremio" column="valor_premio" />

		<property name="ValorSegurado" column="valor_segurado" />

		<property name="Observacao" column="observacao" />

		<property name="Imagem" column="imagem" />

		<many-to-one name="PatrimBemModel" class="PatrimBemModel" column="id_patrim_bem" unique="true" />

		<many-to-one name="SeguradoraModel" class="SeguradoraModel" column="id_seguradora" />

  </class>
</hibernate-mapping>