<?xml version="1.0" encoding="utf-8"?>
<hibernate-mapping assembly="patrimonio" namespace="patrimonio.Models" default-lazy="false" xmlns="urn:nhibernate-mapping-2.2">
  <class name="PatrimBemModel" table="patrim_bem" >
		<id name="Id" column="id">
			<generator class="identity" />
		</id> 

		<property name="NumeroNb" column="numero_nb" />

		<property name="Nome" column="nome" />

		<property name="Descricao" column="descricao" />

		<property name="DataAquisicao" column="data_aquisicao" />

		<property name="DataAceite" column="data_aceite" />

		<property name="DataCadastro" column="data_cadastro" />

		<property name="DataContabilizado" column="data_contabilizado" />

		<property name="DataVistoria" column="data_vistoria" />

		<property name="DataMarcacao" column="data_marcacao" />

		<property name="DataBaixa" column="data_baixa" />

		<property name="VencimentoGarantia" column="vencimento_garantia" />

		<property name="NumeroNotaFiscal" column="numero_nota_fiscal" />

		<property name="NumeroSerie" column="numero_serie" />

		<property name="ChaveNfe" column="chave_nfe" />

		<property name="ValorOriginal" column="valor_original" />

		<property name="ValorCompra" column="valor_compra" />

		<property name="ValorAtualizado" column="valor_atualizado" />

		<property name="ValorBaixa" column="valor_baixa" />

		<property name="Deprecia" column="deprecia" />

		<property name="MetodoDepreciacao" column="metodo_depreciacao" />

		<property name="InicioDepreciacao" column="inicio_depreciacao" />

		<property name="UltimaDepreciacao" column="ultima_depreciacao" />

		<property name="TipoDepreciacao" column="tipo_depreciacao" />

		<property name="TaxaAnualDepreciacao" column="taxa_anual_depreciacao" />

		<property name="TaxaMensalDepreciacao" column="taxa_mensal_depreciacao" />

		<property name="TaxaDepreciacaoAcelerada" column="taxa_depreciacao_acelerada" />

		<property name="TaxaDepreciacaoIncentivada" column="taxa_depreciacao_incentivada" />

		<property name="Funcao" column="funcao" />

		<many-to-one name="CentroResultadoModel" class="CentroResultadoModel" column="id_centro_resultado" />

		<many-to-one name="PatrimEstadoConservacaoModel" class="PatrimEstadoConservacaoModel" column="id_patrim_estado_conservacao" />

		<many-to-one name="SetorModel" class="SetorModel" column="id_setor" />

		<many-to-one name="ViewPessoaFornecedorModel" class="ViewPessoaFornecedorModel" column="id_fornecedor" />

		<many-to-one name="PatrimTipoAquisicaoBemModel" class="PatrimTipoAquisicaoBemModel" column="id_patrim_tipo_aquisicao_bem" />

		<many-to-one name="PatrimGrupoBemModel" class="PatrimGrupoBemModel" column="id_patrim_grupo_bem" />

		<many-to-one name="ViewPessoaColaboradorModel" class="ViewPessoaColaboradorModel" column="id_colaborador" />

		<bag name="PatrimDocumentoBemModelList" table="patrim_documento_bem" cascade="all-delete-orphan" inverse="true">
		<key column="id_patrim_bem"/> 
		<one-to-many class="PatrimDocumentoBemModel"/> 
	</bag> 

		<bag name="PatrimDepreciacaoBemModelList" table="patrim_depreciacao_bem" cascade="all-delete-orphan" inverse="true">
		<key column="id_patrim_bem"/> 
		<one-to-many class="PatrimDepreciacaoBemModel"/> 
	</bag> 

		<bag name="PatrimMovimentacaoBemModelList" table="patrim_movimentacao_bem" cascade="all-delete-orphan" inverse="true">
		<key column="id_patrim_bem"/> 
		<one-to-many class="PatrimMovimentacaoBemModel"/> 
	</bag> 

		<bag name="PatrimApoliceSeguroModelList" table="patrim_apolice_seguro" cascade="all-delete-orphan" inverse="true">
		<key column="id_patrim_bem"/> 
		<one-to-many class="PatrimApoliceSeguroModel"/> 
	</bag> 

  </class>
</hibernate-mapping>