<?xml version="1.0" encoding="utf-8"?>
<hibernate-mapping assembly="patrimonio" namespace="patrimonio.Models" default-lazy="false" xmlns="urn:nhibernate-mapping-2.2">
  <class name="PatrimEstadoConservacaoModel" table="patrim_estado_conservacao" >
		<id name="Id" column="id">
			<generator class="identity" />
		</id> 

		<property name="Codigo" column="codigo" />

		<property name="Nome" column="nome" />

		<property name="Descricao" column="descricao" />

  </class>
</hibernate-mapping>