<?xml version="1.0" encoding="utf-8"?>
<hibernate-mapping assembly="ged" namespace="ged.Models" default-lazy="false" xmlns="urn:nhibernate-mapping-2.2">
  <class name="GedDocumentoDetalheModel" table="ged_documento_detalhe" >
		<id name="Id" column="id">
			<generator class="identity" />
		</id> 

		<property name="Nome" column="nome" />

		<property name="Descricao" column="descricao" />

		<property name="PalavrasChave" column="palavras_chave" />

		<property name="PodeExcluir" column="pode_excluir" />

		<property name="PodeAlterar" column="pode_alterar" />

		<property name="Assinado" column="assinado" />

		<property name="DataFimVigencia" column="data_fim_vigencia" />

		<property name="DataExclusao" column="data_exclusao" />

		<many-to-one name="GedTipoDocumentoModel" class="GedTipoDocumentoModel" column="id_ged_tipo_documento" />

		<many-to-one name="GedDocumentoCabecalhoModel" class="GedDocumentoCabecalhoModel" column="id_ged_documento_cabecalho" unique="true" />

  </class>
</hibernate-mapping>