<?xml version="1.0" encoding="utf-8"?>
<hibernate-mapping assembly="ged" namespace="ged.Models" default-lazy="false" xmlns="urn:nhibernate-mapping-2.2">
  <class name="GedDocumentoCabecalhoModel" table="ged_documento_cabecalho" >
		<id name="Id" column="id">
			<generator class="identity" />
		</id> 

		<property name="Nome" column="nome" />

		<property name="DataInclusao" column="data_inclusao" />

		<property name="Descricao" column="descricao" />

		<bag name="GedDocumentoDetalheModelList" table="ged_documento_detalhe" cascade="all-delete-orphan" inverse="true">
		<key column="id_ged_documento_cabecalho"/> 
		<one-to-many class="GedDocumentoDetalheModel"/> 
	</bag> 

  </class>
</hibernate-mapping>