<?xml version="1.0" encoding="utf-8"?>
<hibernate-mapping assembly="ged" namespace="ged.Models" default-lazy="false" xmlns="urn:nhibernate-mapping-2.2">
  <class name="GedVersaoDocumentoModel" table="ged_versao_documento" >
		<id name="Id" column="id">
			<generator class="identity" />
		</id> 

		<property name="Acao" column="acao" />

		<property name="Versao" column="versao" />

		<property name="DataVersao" column="data_versao" />

		<property name="HoraVersao" column="hora_versao" />

		<property name="HashArquivo" column="hash_arquivo" />

		<property name="Caminho" column="caminho" />

		<many-to-one name="GedDocumentoDetalheModel" class="GedDocumentoDetalheModel" column="id_ged_documento_detalhe" />

		<many-to-one name="ViewPessoaColaboradorModel" class="ViewPessoaColaboradorModel" column="id_colaborador" />

  </class>
</hibernate-mapping>