<?xml version="1.0" encoding="utf-8"?>
<hibernate-mapping assembly="comissoes" namespace="comissoes.Models" default-lazy="false" xmlns="urn:nhibernate-mapping-2.2">
  <class name="ComissaoObjetivoModel" table="comissao_objetivo" >
		<id name="Id" column="id">
			<generator class="identity" />
		</id> 

		<property name="Codigo" column="codigo" />

		<property name="Nome" column="nome" />

		<property name="Descricao" column="descricao" />

		<property name="TaxaPagamento" column="taxa_pagamento" />

		<property name="ValorPagamento" column="valor_pagamento" />

		<property name="ValorMeta" column="valor_meta" />

		<property name="DataInicio" column="data_inicio" />

		<property name="DataFim" column="data_fim" />

		<many-to-one name="ComissaoPerfilModel" class="ComissaoPerfilModel" column="id_comissao_perfil" />

  </class>
</hibernate-mapping>