<?xml version="1.0" encoding="utf-8"?>
<hibernate-mapping assembly="ponto" namespace="ponto.Models" default-lazy="false" xmlns="urn:nhibernate-mapping-2.2">
  <class name="PontoRelogioModel" table="ponto_relogio" >
		<id name="Id" column="id">
			<generator class="identity" />
		</id> 

		<property name="Localizacao" column="localizacao" />

		<property name="Marca" column="marca" />

		<property name="Fabricante" column="fabricante" />

		<property name="NumeroSerie" column="numero_serie" />

		<property name="Utilizacao" column="utilizacao" />

  </class>
</hibernate-mapping>