<?xml version="1.0" encoding="utf-8"?>
<hibernate-mapping assembly="ponto" namespace="ponto.Models" default-lazy="false" xmlns="urn:nhibernate-mapping-2.2">
  <class name="PontoClassificacaoJornadaModel" table="ponto_classificacao_jornada" >
		<id name="Id" column="id">
			<generator class="identity" />
		</id> 

		<property name="Codigo" column="codigo" />

		<property name="Nome" column="nome" />

		<property name="Descricao" column="descricao" />

		<property name="Padrao" column="padrao" />

		<property name="DescontarHoras" column="descontar_horas" />

  </class>
</hibernate-mapping>