<?xml version="1.0" encoding="utf-8"?>
<hibernate-mapping assembly="ponto" namespace="ponto.Models" default-lazy="false" xmlns="urn:nhibernate-mapping-2.2">
  <class name="PontoFechamentoJornadaModel" table="ponto_fechamento_jornada" >
		<id name="Id" column="id">
			<generator class="identity" />
		</id> 

		<property name="DataFechamento" column="data_fechamento" />

		<property name="DiaSemana" column="dia_semana" />

		<property name="CodigoHorario" column="codigo_horario" />

		<property name="CargaHorariaEsperada" column="carga_horaria_esperada" />

		<property name="CargaHorariaDiurna" column="carga_horaria_diurna" />

		<property name="CargaHorariaNoturna" column="carga_horaria_noturna" />

		<property name="CargaHorariaTotal" column="carga_horaria_total" />

		<property name="Entrada01" column="entrada01" />

		<property name="Saida01" column="saida01" />

		<property name="Entrada02" column="entrada02" />

		<property name="Saida02" column="saida02" />

		<property name="Entrada03" column="entrada03" />

		<property name="Saida03" column="saida03" />

		<property name="Entrada04" column="entrada04" />

		<property name="Saida04" column="saida04" />

		<property name="Entrada05" column="entrada05" />

		<property name="Saida05" column="saida05" />

		<property name="HoraInicioJornada" column="hora_inicio_jornada" />

		<property name="HoraFimJornada" column="hora_fim_jornada" />

		<property name="HoraExtra01" column="hora_extra01" />

		<property name="PercentualHoraExtra01" column="percentual_hora_extra01" />

		<property name="ModalidadeHoraExtra01" column="modalidade_hora_extra01" />

		<property name="HoraExtra02" column="hora_extra02" />

		<property name="PercentualHoraExtra02" column="percentual_hora_extra02" />

		<property name="ModalidadeHoraExtra02" column="modalidade_hora_extra02" />

		<property name="HoraExtra03" column="hora_extra03" />

		<property name="PercentualHoraExtra03" column="percentual_hora_extra03" />

		<property name="ModalidadeHoraExtra03" column="modalidade_hora_extra03" />

		<property name="HoraExtra04" column="hora_extra04" />

		<property name="PercentualHoraExtra04" column="percentual_hora_extra04" />

		<property name="ModalidadeHoraExtra04" column="modalidade_hora_extra04" />

		<property name="FaltaAtraso" column="falta_atraso" />

		<property name="Compensar" column="compensar" />

		<property name="BancoHoras" column="banco_horas" />

		<property name="Observacao" column="observacao" />

		<many-to-one name="ViewPessoaColaboradorModel" class="ViewPessoaColaboradorModel" column="id_colaborador" />

		<many-to-one name="PontoClassificacaoJornadaModel" class="PontoClassificacaoJornadaModel" column="id_ponto_classificacao_jornada" />

  </class>
</hibernate-mapping>