<?xml version="1.0" encoding="utf-8"?>
<hibernate-mapping assembly="ponto" namespace="ponto.Models" default-lazy="false" xmlns="urn:nhibernate-mapping-2.2">
  <class name="PontoBancoHorasModel" table="ponto_banco_horas" >
		<id name="Id" column="id">
			<generator class="identity" />
		</id> 

		<property name="DataTrabalho" column="data_trabalho" />

		<property name="Quantidade" column="quantidade" />

		<property name="Situacao" column="situacao" />

		<many-to-one name="ViewPessoaColaboradorModel" class="ViewPessoaColaboradorModel" column="id_colaborador" />

		<bag name="PontoBancoHorasUtilizacaoModelList" table="ponto_banco_horas_utilizacao" cascade="all-delete-orphan" inverse="true">
		<key column="id_ponto_banco_horas"/> 
		<one-to-many class="PontoBancoHorasUtilizacaoModel"/> 
	</bag> 

  </class>
</hibernate-mapping>