<?xml version="1.0" encoding="utf-8"?>
<hibernate-mapping assembly="ponto" namespace="ponto.Models" default-lazy="false" xmlns="urn:nhibernate-mapping-2.2">
  <class name="PontoAbonoUtilizacaoModel" table="ponto_abono_utilizacao" >
		<id name="Id" column="id">
			<generator class="identity" />
		</id> 

		<property name="DataUtilizacao" column="data_utilizacao" />

		<property name="Observacao" column="observacao" />

		<many-to-one name="PontoAbonoModel" class="PontoAbonoModel" column="id_ponto_abono" unique="true" />

  </class>
</hibernate-mapping>