<?xml version="1.0" encoding="utf-8"?>
<hibernate-mapping assembly="nfse" namespace="nfse.Models" default-lazy="false" xmlns="urn:nhibernate-mapping-2.2">
  <class name="NfseCabecalhoModel" table="nfse_cabecalho" >
		<id name="Id" column="id">
			<generator class="identity" />
		</id> 

		<property name="Numero" column="numero" />

		<property name="CodigoVerificacao" column="codigo_verificacao" />

		<property name="DataHoraEmissao" column="data_hora_emissao" />

		<property name="Competencia" column="competencia" />

		<property name="NumeroSubstituida" column="numero_substituida" />

		<property name="NaturezaOperacao" column="natureza_operacao" />

		<property name="RegimeEspecialTributacao" column="regime_especial_tributacao" />

		<property name="OptanteSimplesNacional" column="optante_simples_nacional" />

		<property name="IncentivadorCultural" column="incentivador_cultural" />

		<property name="NumeroRps" column="numero_rps" />

		<property name="SerieRps" column="serie_rps" />

		<property name="TipoRps" column="tipo_rps" />

		<property name="DataEmissaoRps" column="data_emissao_rps" />

		<property name="OutrasInformacoes" column="outras_informacoes" />

		<many-to-one name="ViewPessoaClienteModel" class="ViewPessoaClienteModel" column="id_cliente" />

		<many-to-one name="OsAberturaModel" class="OsAberturaModel" column="id_os_abertura" />

		<bag name="NfseDetalheModelList" table="nfse_detalhe" cascade="all-delete-orphan" inverse="true">
		<key column="id_nfse_cabecalho"/> 
		<one-to-many class="NfseDetalheModel"/> 
	</bag> 

		<bag name="NfseIntermediarioModelList" table="nfse_intermediario" cascade="all-delete-orphan" inverse="true">
		<key column="id_nfse_cabecalho"/> 
		<one-to-many class="NfseIntermediarioModel"/> 
	</bag> 

  </class>
</hibernate-mapping>