<?xml version="1.0" encoding="utf-8"?>
<hibernate-mapping assembly="nfse" namespace="nfse.Models" default-lazy="false" xmlns="urn:nhibernate-mapping-2.2">
  <class name="NfseIntermediarioModel" table="nfse_intermediario" >
		<id name="Id" column="id">
			<generator class="identity" />
		</id> 

		<property name="Cnpj" column="cnpj" />

		<property name="InscricaoMunicipal" column="inscricao_municipal" />

		<property name="Razao" column="razao" />

		<many-to-one name="NfseCabecalhoModel" class="NfseCabecalhoModel" column="id_nfse_cabecalho" unique="true" />

  </class>
</hibernate-mapping>