<?xml version="1.0" encoding="utf-8"?>
<hibernate-mapping assembly="nfse" namespace="nfse.Models" default-lazy="false" xmlns="urn:nhibernate-mapping-2.2">
  <class name="OsStatusModel" table="os_status" >
		<id name="Id" column="id">
			<generator class="identity" />
		</id> 

		<property name="Codigo" column="codigo" />

		<property name="Nome" column="nome" />

		<bag name="OsAberturaModelList" table="os_abertura" cascade="all-delete-orphan" inverse="true">
		<key column="id_os_status"/> 
		<one-to-many class="OsAberturaModel"/> 
	</bag> 

  </class>
</hibernate-mapping>