<?xml version="1.0" encoding="utf-8"?>
<hibernate-mapping assembly="orcamentos" namespace="orcamentos.Models" default-lazy="false" xmlns="urn:nhibernate-mapping-2.2">
  <class name="BancoContaCaixaModel" table="banco_conta_caixa" >
		<id name="Id" column="id">
			<generator class="identity" />
		</id> 

		<property name="Numero" column="numero" />

		<property name="Digito" column="digito" />

		<property name="Nome" column="nome" />

		<property name="Tipo" column="tipo" />

		<property name="Descricao" column="descricao" />

  </class>
</hibernate-mapping>