<?xml version="1.0" encoding="utf-8"?>
<hibernate-mapping assembly="orcamentos" namespace="orcamentos.Models" default-lazy="false" xmlns="urn:nhibernate-mapping-2.2">
  <class name="FinNaturezaFinanceiraModel" table="fin_natureza_financeira" >
		<id name="Id" column="id">
			<generator class="identity" />
		</id> 

		<property name="Codigo" column="codigo" />

		<property name="Descricao" column="descricao" />

		<property name="Tipo" column="tipo" />

		<property name="Aplicacao" column="aplicacao" />

  </class>
</hibernate-mapping>