<?xml version="1.0" encoding="utf-8"?>
<hibernate-mapping assembly="orcamentos" namespace="orcamentos.Models" default-lazy="false" xmlns="urn:nhibernate-mapping-2.2">
  <class name="OrcamentoFluxoCaixaModel" table="orcamento_fluxo_caixa" >
		<id name="Id" column="id">
			<generator class="identity" />
		</id> 

		<property name="Nome" column="nome" />

		<property name="DataInicial" column="data_inicial" />

		<property name="NumeroPeriodos" column="numero_periodos" />

		<property name="DataBase" column="data_base" />

		<property name="Descricao" column="descricao" />

		<many-to-one name="OrcamentoFluxoCaixaPeriodoModel" class="OrcamentoFluxoCaixaPeriodoModel" column="id_orc_fluxo_caixa_periodo" />

		<bag name="OrcamentoFluxoCaixaDetalheModelList" table="orcamento_fluxo_caixa_detalhe" cascade="all-delete-orphan" inverse="true">
		<key column="id_orcamento_fluxo_caixa"/> 
		<one-to-many class="OrcamentoFluxoCaixaDetalheModel"/> 
	</bag> 

  </class>
</hibernate-mapping>