<?xml version="1.0" encoding="utf-8"?>
<hibernate-mapping assembly="orcamentos" namespace="orcamentos.Models" default-lazy="false" xmlns="urn:nhibernate-mapping-2.2">
  <class name="OrcamentoFluxoCaixaDetalheModel" table="orcamento_fluxo_caixa_detalhe" >
		<id name="Id" column="id">
			<generator class="identity" />
		</id> 

		<property name="Periodo" column="periodo" />

		<property name="ValorOrcado" column="valor_orcado" />

		<property name="ValorRealizado" column="valor_realizado" />

		<property name="TaxaVariacao" column="taxa_variacao" />

		<property name="ValorVariacao" column="valor_variacao" />

		<many-to-one name="OrcamentoFluxoCaixaModel" class="OrcamentoFluxoCaixaModel" column="id_orcamento_fluxo_caixa" unique="true" />

		<many-to-one name="FinNaturezaFinanceiraModel" class="FinNaturezaFinanceiraModel" column="id_fin_natureza_financeira" />

  </class>
</hibernate-mapping>