<?xml version="1.0" encoding="utf-8"?>
<hibernate-mapping assembly="gondolas" namespace="gondolas.Models" default-lazy="false" xmlns="urn:nhibernate-mapping-2.2">
  <class name="GondolaEstanteModel" table="gondola_estante" >
		<id name="Id" column="id">
			<generator class="identity" />
		</id> 

		<property name="Codigo" column="codigo" />

		<property name="QuantidadeCaixa" column="quantidade_caixa" />

		<many-to-one name="GondolaRuaModel" class="GondolaRuaModel" column="id_gondola_rua" />

  </class>
</hibernate-mapping>