<?xml version="1.0" encoding="utf-8"?>
<hibernate-mapping assembly="gondolas" namespace="gondolas.Models" default-lazy="false" xmlns="urn:nhibernate-mapping-2.2">
  <class name="GondolaArmazenamentoModel" table="gondola_armazenamento" >
		<id name="Id" column="id">
			<generator class="identity" />
		</id> 

		<property name="Quantidade" column="quantidade" />

		<many-to-one name="GondolaCaixaModel" class="GondolaCaixaModel" column="id_gondola_caixa" unique="true" />

		<many-to-one name="ProdutoModel" class="ProdutoModel" column="id_produto" />

  </class>
</hibernate-mapping>