<?xml version="1.0" encoding="utf-8"?>
<hibernate-mapping assembly="gondolas" namespace="gondolas.Models" default-lazy="false" xmlns="urn:nhibernate-mapping-2.2">
  <class name="GondolaCaixaModel" table="gondola_caixa" >
		<id name="Id" column="id">
			<generator class="identity" />
		</id> 

		<property name="Codigo" column="codigo" />

		<property name="Altura" column="altura" />

		<property name="Largura" column="largura" />

		<property name="Profundidade" column="profundidade" />

		<many-to-one name="GondolaEstanteModel" class="GondolaEstanteModel" column="id_gondola_estante" />

		<bag name="GondolaArmazenamentoModelList" table="gondola_armazenamento" cascade="all-delete-orphan" inverse="true">
		<key column="id_gondola_caixa"/> 
		<one-to-many class="GondolaArmazenamentoModel"/> 
	</bag> 

  </class>
</hibernate-mapping>