<?xml version="1.0" encoding="utf-8"?>
<hibernate-mapping assembly="etiquetas" namespace="etiquetas.Models" default-lazy="false" xmlns="urn:nhibernate-mapping-2.2">
  <class name="EtiquetaTemplateModel" table="etiqueta_template" >
		<id name="Id" column="id">
			<generator class="identity" />
		</id> 

		<property name="Tabela" column="tabela" />

		<property name="Campo" column="campo" />

		<property name="Formato" column="formato" />

		<property name="QuantidadeRepeticoes" column="quantidade_repeticoes" />

		<property name="Filtro" column="filtro" />

		<many-to-one name="EtiquetaLayoutModel" class="EtiquetaLayoutModel" column="id_etiqueta_layout" unique="true" />

  </class>
</hibernate-mapping>