<?xml version="1.0" encoding="utf-8"?>
<hibernate-mapping assembly="pcp" namespace="pcp.Models" default-lazy="false" xmlns="urn:nhibernate-mapping-2.2">
  <class name="PatrimBemModel" table="patrim_bem" >
		<id name="Id" column="id">
			<generator class="identity" />
		</id> 

		<property name="IdCentroResultado" column="id_centro_resultado" />

		<property name="IdPatrimTipoAquisicaoBem" column="id_patrim_tipo_aquisicao_bem" />

		<property name="IdPatrimEstadoConservacao" column="id_patrim_estado_conservacao" />

		<property name="IdPatrimGrupoBem" column="id_patrim_grupo_bem" />

		<property name="IdFornecedor" column="id_fornecedor" />

		<property name="IdSetor" column="id_setor" />

		<property name="NumeroNb" column="numero_nb" />

		<property name="Nome" column="nome" />

		<property name="Descricao" column="descricao" />

		<property name="NumeroSerie" column="numero_serie" />

		<property name="DataAquisicao" column="data_aquisicao" />

		<property name="DataAceite" column="data_aceite" />

		<property name="DataCadastro" column="data_cadastro" />

		<property name="DataContabilizado" column="data_contabilizado" />

		<property name="DataVistoria" column="data_vistoria" />

		<property name="DataMarcacao" column="data_marcacao" />

		<property name="DataBaixa" column="data_baixa" />

		<property name="VencimentoGarantia" column="vencimento_garantia" />

		<property name="NumeroNotaFiscal" column="numero_nota_fiscal" />

		<property name="ChaveNfe" column="chave_nfe" />

		<property name="ValorOriginal" column="valor_original" />

		<property name="ValorCompra" column="valor_compra" />

		<property name="ValorAtualizado" column="valor_atualizado" />

		<property name="ValorBaixa" column="valor_baixa" />

		<property name="Deprecia" column="deprecia" />

		<property name="MetodoDepreciacao" column="metodo_depreciacao" />

		<property name="InicioDepreciacao" column="inicio_depreciacao" />

		<property name="UltimaDepreciacao" column="ultima_depreciacao" />

		<property name="TipoDepreciacao" column="tipo_depreciacao" />

		<property name="TaxaAnualDepreciacao" column="taxa_anual_depreciacao" />

		<property name="TaxaMensalDepreciacao" column="taxa_mensal_depreciacao" />

		<property name="TaxaDepreciacaoAcelerada" column="taxa_depreciacao_acelerada" />

		<property name="TaxaDepreciacaoIncentivada" column="taxa_depreciacao_incentivada" />

		<property name="Funcao" column="funcao" />

  </class>
</hibernate-mapping>