<?xml version="1.0" encoding="utf-8"?>
<hibernate-mapping assembly="pcp" namespace="pcp.Models" default-lazy="false" xmlns="urn:nhibernate-mapping-2.2">
  <class name="PcpOpCabecalhoModel" table="pcp_op_cabecalho" >
		<id name="Id" column="id">
			<generator class="identity" />
		</id> 

		<property name="DataInicio" column="data_inicio" />

		<property name="DataPrevisaoEntrega" column="data_previsao_entrega" />

		<property name="DataTermino" column="data_termino" />

		<property name="CustoTotalPrevisto" column="custo_total_previsto" />

		<property name="CustoTotalRealizado" column="custo_total_realizado" />

		<property name="PorcentoVenda" column="porcento_venda" />

		<property name="PorcentoEstoque" column="porcento_estoque" />

		<bag name="PcpOpDetalheModelList" table="pcp_op_detalhe" cascade="all-delete-orphan" inverse="true">
		<key column="id_pcp_op_cabecalho"/> 
		<one-to-many class="PcpOpDetalheModel"/> 
	</bag> 

		<bag name="PcpInstrucaoOpModelList" table="pcp_instrucao_op" cascade="all-delete-orphan" inverse="true">
		<key column="id_pcp_op_cabecalho"/> 
		<one-to-many class="PcpInstrucaoOpModel"/> 
	</bag> 

  </class>
</hibernate-mapping>