<?xml version="1.0" encoding="utf-8"?>
<hibernate-mapping assembly="pcp" namespace="pcp.Models" default-lazy="false" xmlns="urn:nhibernate-mapping-2.2">
  <class name="PcpOpDetalheModel" table="pcp_op_detalhe" >
		<id name="Id" column="id">
			<generator class="identity" />
		</id> 

		<property name="QuantidadeProduzir" column="quantidade_produzir" />

		<property name="QuantidadeProduzida" column="quantidade_produzida" />

		<property name="QuantidadeEntregue" column="quantidade_entregue" />

		<property name="CustoPrevisto" column="custo_previsto" />

		<property name="CustoRealizado" column="custo_realizado" />

		<many-to-one name="PcpOpCabecalhoModel" class="PcpOpCabecalhoModel" column="id_pcp_op_cabecalho" unique="true" />

		<many-to-one name="ProdutoModel" class="ProdutoModel" column="id_produto" />

  </class>
</hibernate-mapping>