<?xml version="1.0" encoding="utf-8"?>
<hibernate-mapping assembly="nfse" namespace="nfse.Models" default-lazy="false" xmlns="urn:nhibernate-mapping-2.2">
  <class name="NfseDetalheModel" table="nfse_detalhe" >
		<id name="Id" column="id">
			<generator class="identity" />
		</id> 

		<property name="CodigoCnae" column="codigo_cnae" />

		<property name="CodigoTributacaoMunicipio" column="codigo_tributacao_municipio" />

		<property name="ValorServicos" column="valor_servicos" />

		<property name="ValorDeducoes" column="valor_deducoes" />

		<property name="ValorPis" column="valor_pis" />

		<property name="ValorCofins" column="valor_cofins" />

		<property name="ValorInss" column="valor_inss" />

		<property name="ValorIr" column="valor_ir" />

		<property name="ValorCsll" column="valor_csll" />

		<property name="ValorBaseCalculo" column="valor_base_calculo" />

		<property name="Aliquota" column="aliquota" />

		<property name="ValorIss" column="valor_iss" />

		<property name="ValorLiquido" column="valor_liquido" />

		<property name="OutrasRetencoes" column="outras_retencoes" />

		<property name="ValorCredito" column="valor_credito" />

		<property name="IssRetido" column="iss_retido" />

		<property name="ValorIssRetido" column="valor_iss_retido" />

		<property name="ValorDescontoCondicionado" column="valor_desconto_condicionado" />

		<property name="ValorDescontoIncondicionado" column="valor_desconto_incondicionado" />

		<property name="MunicipioPrestacao" column="municipio_prestacao" />

		<property name="Discriminacao" column="discriminacao" />

		<many-to-one name="NfseCabecalhoModel" class="NfseCabecalhoModel" column="id_nfse_cabecalho" unique="true" />

		<many-to-one name="NfseListaServicoModel" class="NfseListaServicoModel" column="id_nfse_lista_servico" />

  </class>
</hibernate-mapping>