<?xml version="1.0" encoding="utf-8"?>
<hibernate-mapping assembly="contabil" namespace="contabil.Models" default-lazy="false" xmlns="urn:nhibernate-mapping-2.2">
  <class name="AidfAimdfModel" table="aidf_aimdf" >
		<id name="Id" column="id">
			<generator class="identity" />
		</id> 

		<property name="Numero" column="numero" />

		<property name="DataValidade" column="data_validade" />

		<property name="DataAutorizacao" column="data_autorizacao" />

		<property name="NumeroAutorizacao" column="numero_autorizacao" />

		<property name="FormularioDisponivel" column="formulario_disponivel" />

  </class>
</hibernate-mapping>