<?xml version="1.0" encoding="utf-8"?>
<hibernate-mapping assembly="contabil" namespace="contabil.Models" default-lazy="false" xmlns="urn:nhibernate-mapping-2.2">
  <class name="ContabilTermoModel" table="contabil_termo" >
		<id name="Id" column="id">
			<generator class="identity" />
		</id> 

		<property name="AberturaEncerramento" column="abertura_encerramento" />

		<property name="Numero" column="numero" />

		<property name="PaginaInicial" column="pagina_inicial" />

		<property name="PaginaFinal" column="pagina_final" />

		<property name="Registrado" column="registrado" />

		<property name="NumeroRegistro" column="numero_registro" />

		<property name="DataDespacho" column="data_despacho" />

		<property name="DataAbertura" column="data_abertura" />

		<property name="DataEncerramento" column="data_encerramento" />

		<property name="EscrituracaoInicio" column="escrituracao_inicio" />

		<property name="EscrituracaoFim" column="escrituracao_fim" />

		<property name="Texto" column="texto" />

		<many-to-one name="ContabilLivroModel" class="ContabilLivroModel" column="id_contabil_livro" unique="true" />

  </class>
</hibernate-mapping>