<?xml version="1.0" encoding="utf-8"?>
<hibernate-mapping assembly="contabil" namespace="contabil.Models" default-lazy="false" xmlns="urn:nhibernate-mapping-2.2">
  <class name="ContabilLancamentoCabecalhoModel" table="contabil_lancamento_cabecalho" >
		<id name="Id" column="id">
			<generator class="identity" />
		</id> 

		<property name="DataLancamento" column="data_lancamento" />

		<property name="DataInclusao" column="data_inclusao" />

		<property name="Tipo" column="tipo" />

		<property name="Liberado" column="liberado" />

		<property name="Valor" column="valor" />

		<many-to-one name="ContabilLoteModel" class="ContabilLoteModel" column="id_contabil_lote" />

		<bag name="ContabilLancamentoDetalheModelList" table="contabil_lancamento_detalhe" cascade="all-delete-orphan" inverse="true">
		<key column="id_contabil_lancamento_cab"/> 
		<one-to-many class="ContabilLancamentoDetalheModel"/> 
	</bag> 

  </class>
</hibernate-mapping>