<?xml version="1.0" encoding="utf-8"?>
<hibernate-mapping assembly="contabil" namespace="contabil.Models" default-lazy="false" xmlns="urn:nhibernate-mapping-2.2">
  <class name="ContabilLivroModel" table="contabil_livro" >
		<id name="Id" column="id">
			<generator class="identity" />
		</id> 

		<property name="Competencia" column="competencia" />

		<property name="FormaEscrituracao" column="forma_escrituracao" />

		<property name="Descricao" column="descricao" />

		<bag name="ContabilTermoModelList" table="contabil_termo" cascade="all-delete-orphan" inverse="true">
		<key column="id_contabil_livro"/> 
		<one-to-many class="ContabilTermoModel"/> 
	</bag> 

  </class>
</hibernate-mapping>