<?xml version="1.0" encoding="utf-8"?>
<hibernate-mapping assembly="contabil" namespace="contabil.Models" default-lazy="false" xmlns="urn:nhibernate-mapping-2.2">
  <class name="ContabilContaRateioModel" table="contabil_conta_rateio" >
		<id name="Id" column="id">
			<generator class="identity" />
		</id> 

		<property name="PorcentoRateio" column="porcento_rateio" />

		<many-to-one name="ContabilContaModel" class="ContabilContaModel" column="id_contabil_conta" />

		<many-to-one name="CentroResultadoModel" class="CentroResultadoModel" column="id_centro_resultado" />

  </class>
</hibernate-mapping>