<?xml version="1.0" encoding="utf-8"?>
<hibernate-mapping assembly="contabil" namespace="contabil.Models" default-lazy="false" xmlns="urn:nhibernate-mapping-2.2">
  <class name="ContabilHistoricoModel" table="contabil_historico" >
		<id name="Id" column="id">
			<generator class="identity" />
		</id> 

		<property name="Descricao" column="descricao" />

		<property name="PedeComplemento" column="pede_complemento" />

		<property name="Historico" column="historico" />

  </class>
</hibernate-mapping>