<?xml version="1.0" encoding="utf-8"?>
<hibernate-mapping assembly="contabil" namespace="contabil.Models" default-lazy="false" xmlns="urn:nhibernate-mapping-2.2">
  <class name="ContabilDreDetalheModel" table="contabil_dre_detalhe" >
		<id name="Id" column="id">
			<generator class="identity" />
		</id> 

		<property name="Classificacao" column="classificacao" />

		<property name="Descricao" column="descricao" />

		<property name="FormaCalculo" column="forma_calculo" />

		<property name="Sinal" column="sinal" />

		<property name="Natureza" column="natureza" />

		<property name="Valor" column="valor" />

		<many-to-one name="ContabilDreCabecalhoModel" class="ContabilDreCabecalhoModel" column="id_contabil_dre_cabecalho" unique="true" />

  </class>
</hibernate-mapping>