<?xml version="1.0" encoding="utf-8"?>
<hibernate-mapping assembly="contabil" namespace="contabil.Models" default-lazy="false" xmlns="urn:nhibernate-mapping-2.2">
  <class name="ContabilLoteModel" table="contabil_lote" >
		<id name="Id" column="id">
			<generator class="identity" />
		</id> 

		<property name="Descricao" column="descricao" />

		<property name="DataInclusao" column="data_inclusao" />

		<property name="DataLiberacao" column="data_liberacao" />

		<property name="Liberado" column="liberado" />

		<property name="Programado" column="programado" />

		<property name="Valor" column="valor" />

  </class>
</hibernate-mapping>