<?xml version="1.0" encoding="utf-8"?>
<hibernate-mapping assembly="contabil" namespace="contabil.Models" default-lazy="false" xmlns="urn:nhibernate-mapping-2.2">
  <class name="ContabilLancamentoPadraoModel" table="contabil_lancamento_padrao" >
		<id name="Id" column="id">
			<generator class="identity" />
		</id> 

		<property name="Descricao" column="descricao" />

		<property name="Historico" column="historico" />

		<property name="IdContaDebito" column="id_conta_debito" />

		<property name="IdContaCredito" column="id_conta_credito" />

  </class>
</hibernate-mapping>