<?xml version="1.0" encoding="utf-8"?>
<hibernate-mapping assembly="contabil" namespace="contabil.Models" default-lazy="false" xmlns="urn:nhibernate-mapping-2.2">
  <class name="ContabilEncerramentoExeDetModel" table="contabil_encerramento_exe_det" >
		<id name="Id" column="id">
			<generator class="identity" />
		</id> 

		<property name="SaldoAnterior" column="saldo_anterior" />

		<property name="ValorDebito" column="valor_debito" />

		<property name="ValorCredito" column="valor_credito" />

		<property name="Saldo" column="saldo" />

		<many-to-one name="ContabilEncerramentoExeCabModel" class="ContabilEncerramentoExeCabModel" column="id_contabil_encerramento_exe" unique="true" />

		<many-to-one name="ContabilContaModel" class="ContabilContaModel" column="id_contabil_conta" />

  </class>
</hibernate-mapping>