<?xml version="1.0" encoding="utf-8"?>
<hibernate-mapping assembly="contabil" namespace="contabil.Models" default-lazy="false" xmlns="urn:nhibernate-mapping-2.2">
  <class name="EncerraCentroResultadoModel" table="encerra_centro_resultado" >
		<id name="Id" column="id">
			<generator class="identity" />
		</id> 

		<property name="Competencia" column="competencia" />

		<property name="ValorTotal" column="valor_total" />

		<property name="ValorSubRateio" column="valor_sub_rateio" />

		<many-to-one name="CentroResultadoModel" class="CentroResultadoModel" column="id_centro_resultado" />

  </class>
</hibernate-mapping>