<?xml version="1.0" encoding="utf-8"?>
<hibernate-mapping assembly="contabil" namespace="contabil.Models" default-lazy="false" xmlns="urn:nhibernate-mapping-2.2">
  <class name="LancaCentroResultadoModel" table="lanca_centro_resultado" >
		<id name="Id" column="id">
			<generator class="identity" />
		</id> 

		<property name="Valor" column="valor" />

		<property name="DataLancamento" column="data_lancamento" />

		<property name="DataInclusao" column="data_inclusao" />

		<property name="OrigemDeRateio" column="origem_de_rateio" />

		<property name="Historico" column="historico" />

		<many-to-one name="CentroResultadoModel" class="CentroResultadoModel" column="id_centro_resultado" />

  </class>
</hibernate-mapping>