<?xml version="1.0" encoding="utf-8"?>
<hibernate-mapping assembly="contabil" namespace="contabil.Models" default-lazy="false" xmlns="urn:nhibernate-mapping-2.2">
  <class name="PlanoCentroResultadoModel" table="plano_centro_resultado" >
		<id name="Id" column="id">
			<generator class="identity" />
		</id> 

		<property name="Nome" column="nome" />

		<property name="Mascara" column="mascara" />

		<property name="Niveis" column="niveis" />

		<property name="DataInclusao" column="data_inclusao" />

  </class>
</hibernate-mapping>