<?xml version="1.0" encoding="utf-8"?>
<hibernate-mapping assembly="contabil" namespace="contabil.Models" default-lazy="false" xmlns="urn:nhibernate-mapping-2.2">
  <class name="RegistroCartorioModel" table="registro_cartorio" >
		<id name="Id" column="id">
			<generator class="identity" />
		</id> 

		<property name="NomeCartorio" column="nome_cartorio" />

		<property name="DataRegistro" column="data_registro" />

		<property name="Numero" column="numero" />

		<property name="Folha" column="folha" />

		<property name="Livro" column="livro" />

		<property name="Nire" column="nire" />

  </class>
</hibernate-mapping>