<?xml version="1.0" encoding="utf-8"?>
<hibernate-mapping assembly="inventario" namespace="inventario.Models" default-lazy="false" xmlns="urn:nhibernate-mapping-2.2">
  <class name="InventarioAjusteCabModel" table="inventario_ajuste_cab" >
		<id name="Id" column="id">
			<generator class="identity" />
		</id> 

		<property name="DataAjuste" column="data_ajuste" />

		<property name="Tipo" column="tipo" />

		<property name="Taxa" column="taxa" />

		<property name="Justificativa" column="justificativa" />

		<many-to-one name="ViewPessoaColaboradorModel" class="ViewPessoaColaboradorModel" column="id_view_pessoa_colaborador" />

		<bag name="InventarioAjusteDetModelList" table="inventario_ajuste_det" cascade="all-delete-orphan" inverse="true">
		<key column="id_inventario_ajuste_cab"/> 
		<one-to-many class="InventarioAjusteDetModel"/> 
	</bag> 

  </class>
</hibernate-mapping>