<?xml version="1.0" encoding="utf-8"?>
<hibernate-mapping assembly="inventario" namespace="inventario.Models" default-lazy="false" xmlns="urn:nhibernate-mapping-2.2">
  <class name="InventarioContagemDetModel" table="inventario_contagem_det" >
		<id name="Id" column="id">
			<generator class="identity" />
		</id> 

		<property name="Contagem01" column="contagem01" />

		<property name="Contagem02" column="contagem02" />

		<property name="Contagem03" column="contagem03" />

		<property name="FechadoContagem" column="fechado_contagem" />

		<property name="QuantidadeSistema" column="quantidade_sistema" />

		<property name="Acuracidade" column="acuracidade" />

		<property name="Divergencia" column="divergencia" />

		<many-to-one name="InventarioContagemCabModel" class="InventarioContagemCabModel" column="id_inventario_contagem_cab" unique="true" />

		<many-to-one name="ProdutoModel" class="ProdutoModel" column="id_produto" />

  </class>
</hibernate-mapping>