<?xml version="1.0" encoding="utf-8"?>
<hibernate-mapping assembly="inventario" namespace="inventario.Models" default-lazy="false" xmlns="urn:nhibernate-mapping-2.2">
  <class name="InventarioContagemCabModel" table="inventario_contagem_cab" >
		<id name="Id" column="id">
			<generator class="identity" />
		</id> 

		<property name="DataContagem" column="data_contagem" />

		<property name="EstoqueAtualizado" column="estoque_atualizado" />

		<property name="Tipo" column="tipo" />

		<bag name="InventarioContagemDetModelList" table="inventario_contagem_det" cascade="all-delete-orphan" inverse="true">
		<key column="id_inventario_contagem_cab"/> 
		<one-to-many class="InventarioContagemDetModel"/> 
	</bag> 

  </class>
</hibernate-mapping>