<?xml version="1.0" encoding="utf-8"?>
<hibernate-mapping assembly="inventario" namespace="inventario.Models" default-lazy="false" xmlns="urn:nhibernate-mapping-2.2">
  <class name="InventarioAjusteDetModel" table="inventario_ajuste_det" >
		<id name="Id" column="id">
			<generator class="identity" />
		</id> 

		<property name="ValorOriginal" column="valor_original" />

		<property name="ValorReajuste" column="valor_reajuste" />

		<many-to-one name="InventarioAjusteCabModel" class="InventarioAjusteCabModel" column="id_inventario_ajuste_cab" unique="true" />

		<many-to-one name="ProdutoModel" class="ProdutoModel" column="id_produto" />

  </class>
</hibernate-mapping>