<?xml version="1.0" encoding="utf-8"?>
<hibernate-mapping assembly="vendas" namespace="vendas.Models" default-lazy="false" xmlns="urn:nhibernate-mapping-2.2">
  <class name="VendaOrcamentoCabecalhoModel" table="venda_orcamento_cabecalho" >
		<id name="Id" column="id">
			<generator class="identity" />
		</id> 

		<property name="TipoFrete" column="tipo_frete" />

		<property name="Codigo" column="codigo" />

		<property name="DataCadastro" column="data_cadastro" />

		<property name="DataEntrega" column="data_entrega" />

		<property name="DataValidade" column="data_validade" />

		<property name="ValorSubtotal" column="valor_subtotal" />

		<property name="ValorFrete" column="valor_frete" />

		<property name="TaxaComissao" column="taxa_comissao" />

		<property name="ValorComissao" column="valor_comissao" />

		<property name="TaxaDesconto" column="taxa_desconto" />

		<property name="ValorDesconto" column="valor_desconto" />

		<property name="ValorTotal" column="valor_total" />

		<property name="Observacao" column="observacao" />

		<many-to-one name="VendaCondicoesPagamentoModel" class="VendaCondicoesPagamentoModel" column="id_venda_condicoes_pagamento" />

		<many-to-one name="ViewPessoaVendedorModel" class="ViewPessoaVendedorModel" column="id_vendedor" />

		<many-to-one name="ViewPessoaTransportadoraModel" class="ViewPessoaTransportadoraModel" column="id_transportadora" />

		<many-to-one name="ViewPessoaClienteModel" class="ViewPessoaClienteModel" column="id_cliente" />

		<bag name="VendaOrcamentoDetalheModelList" table="venda_orcamento_detalhe" cascade="all-delete-orphan" inverse="true">
		<key column="id_venda_orcamento_cabecalho"/> 
		<one-to-many class="VendaOrcamentoDetalheModel"/> 
	</bag> 

  </class>
</hibernate-mapping>