<?xml version="1.0" encoding="utf-8"?>
<hibernate-mapping assembly="vendas" namespace="vendas.Models" default-lazy="false" xmlns="urn:nhibernate-mapping-2.2">
  <class name="VendaCabecalhoModel" table="venda_cabecalho" >
		<id name="Id" column="id">
			<generator class="identity" />
		</id> 

		<property name="LocalEntrega" column="local_entrega" />

		<property name="LocalCobranca" column="local_cobranca" />

		<property name="TipoFrete" column="tipo_frete" />

		<property name="FormaPagamento" column="forma_pagamento" />

		<property name="DataVenda" column="data_venda" />

		<property name="DataSaida" column="data_saida" />

		<property name="HoraSaida" column="hora_saida" />

		<property name="NumeroFatura" column="numero_fatura" />

		<property name="ValorFrete" column="valor_frete" />

		<property name="ValorSeguro" column="valor_seguro" />

		<property name="ValorSubtotal" column="valor_subtotal" />

		<property name="TaxaComissao" column="taxa_comissao" />

		<property name="ValorComissao" column="valor_comissao" />

		<property name="TaxaDesconto" column="taxa_desconto" />

		<property name="ValorDesconto" column="valor_desconto" />

		<property name="ValorTotal" column="valor_total" />

		<property name="Situacao" column="situacao" />

		<property name="DiaFixoParcela" column="dia_fixo_parcela" />

		<property name="Observacao" column="observacao" />

		<one-to-one name="VendaComissaoModel" class="VendaComissaoModel" property-ref="VendaCabecalhoModel" cascade="all" />

		<many-to-one name="VendaCondicoesPagamentoModel" class="VendaCondicoesPagamentoModel" column="id_venda_condicoes_pagamento" />

		<many-to-one name="ViewPessoaVendedorModel" class="ViewPessoaVendedorModel" column="id_vendedor" />

		<many-to-one name="ViewPessoaTransportadoraModel" class="ViewPessoaTransportadoraModel" column="id_transportadora" />

		<many-to-one name="ViewPessoaClienteModel" class="ViewPessoaClienteModel" column="id_cliente" />

		<many-to-one name="VendaOrcamentoCabecalhoModel" class="VendaOrcamentoCabecalhoModel" column="id_venda_orcamento_cabecalho" />

		<many-to-one name="NotaFiscalTipoModel" class="NotaFiscalTipoModel" column="id_nota_fiscal_tipo" />

		<bag name="VendaDetalheModelList" table="venda_detalhe" cascade="all-delete-orphan" inverse="true">
		<key column="id_venda_cabecalho"/> 
		<one-to-many class="VendaDetalheModel"/> 
	</bag> 

		<bag name="VendaFreteModelList" table="venda_frete" cascade="all-delete-orphan" inverse="true">
		<key column="id_venda_cabecalho"/> 
		<one-to-many class="VendaFreteModel"/> 
	</bag> 

  </class>
</hibernate-mapping>