<?xml version="1.0" encoding="utf-8"?>
<hibernate-mapping assembly="vendas" namespace="vendas.Models" default-lazy="false" xmlns="urn:nhibernate-mapping-2.2">
  <class name="VendaCondicoesParcelasModel" table="venda_condicoes_parcelas" >
		<id name="Id" column="id">
			<generator class="identity" />
		</id> 

		<property name="Parcela" column="parcela" />

		<property name="Dias" column="dias" />

		<property name="Taxa" column="taxa" />

		<many-to-one name="VendaCondicoesPagamentoModel" class="VendaCondicoesPagamentoModel" column="id_venda_condicoes_pagamento" unique="true" />

  </class>
</hibernate-mapping>