<?xml version="1.0" encoding="utf-8"?>
<hibernate-mapping assembly="vendas" namespace="vendas.Models" default-lazy="false" xmlns="urn:nhibernate-mapping-2.2">
  <class name="VendaComissaoModel" table="venda_comissao" >
		<id name="Id" column="id">
			<generator class="identity" />
		</id> 

		<property name="ValorVenda" column="valor_venda" />

		<property name="TipoContabil" column="tipo_contabil" />

		<property name="ValorComissao" column="valor_comissao" />

		<property name="Situacao" column="situacao" />

		<property name="DataLancamento" column="data_lancamento" />

		<many-to-one name="VendaCabecalhoModel" class="VendaCabecalhoModel" column="id_venda_cabecalho" unique="true" />

		<many-to-one name="ViewPessoaVendedorModel" class="ViewPessoaVendedorModel" column="id_vendedor" />

  </class>
</hibernate-mapping>