<?xml version="1.0" encoding="utf-8"?>
<hibernate-mapping assembly="compras" namespace="compras.Models" default-lazy="false" xmlns="urn:nhibernate-mapping-2.2">
  <class name="CompraPedidoModel" table="compra_pedido" >
		<id name="Id" column="id">
			<generator class="identity" />
		</id> 

		<property name="CodigoCotacao" column="codigo_cotacao" />

		<property name="DataPedido" column="data_pedido" />

		<property name="DataPrevistaEntrega" column="data_prevista_entrega" />

		<property name="DataPrevisaoPagamento" column="data_previsao_pagamento" />

		<property name="LocalEntrega" column="local_entrega" />

		<property name="LocalCobranca" column="local_cobranca" />

		<property name="Contato" column="contato" />

		<property name="ValorSubtotal" column="valor_subtotal" />

		<property name="TaxaDesconto" column="taxa_desconto" />

		<property name="ValorDesconto" column="valor_desconto" />

		<property name="ValorTotal" column="valor_total" />

		<property name="TipoFrete" column="tipo_frete" />

		<property name="FormaPagamento" column="forma_pagamento" />

		<property name="BaseCalculoIcms" column="base_calculo_icms" />

		<property name="ValorIcms" column="valor_icms" />

		<property name="BaseCalculoIcmsSt" column="base_calculo_icms_st" />

		<property name="ValorIcmsSt" column="valor_icms_st" />

		<property name="ValorTotalProdutos" column="valor_total_produtos" />

		<property name="ValorFrete" column="valor_frete" />

		<property name="ValorSeguro" column="valor_seguro" />

		<property name="ValorOutrasDespesas" column="valor_outras_despesas" />

		<property name="ValorIpi" column="valor_ipi" />

		<property name="ValorTotalNf" column="valor_total_nf" />

		<property name="QuantidadeParcelas" column="quantidade_parcelas" />

		<property name="DiaPrimeiroVencimento" column="dia_primeiro_vencimento" />

		<property name="IntervaloEntreParcelas" column="intervalo_entre_parcelas" />

		<property name="DiaFixoParcela" column="dia_fixo_parcela" />

		<many-to-one name="CompraTipoPedidoModel" class="CompraTipoPedidoModel" column="id_compra_tipo_pedido" />

		<many-to-one name="ViewPessoaColaboradorModel" class="ViewPessoaColaboradorModel" column="id_colaborador" />

		<many-to-one name="ViewPessoaFornecedorModel" class="ViewPessoaFornecedorModel" column="id_fornecedor" />

		<bag name="CompraPedidoDetalheModelList" table="compra_pedido_detalhe" cascade="all-delete-orphan" inverse="true">
		<key column="id_compra_pedido"/> 
		<one-to-many class="CompraPedidoDetalheModel"/> 
	</bag> 

  </class>
</hibernate-mapping>