<?xml version="1.0" encoding="utf-8"?>
<hibernate-mapping assembly="compras" namespace="compras.Models" default-lazy="false" xmlns="urn:nhibernate-mapping-2.2">
  <class name="CompraRequisicaoModel" table="compra_requisicao" >
		<id name="Id" column="id">
			<generator class="identity" />
		</id> 

		<property name="Descricao" column="descricao" />

		<property name="DataRequisicao" column="data_requisicao" />

		<property name="Observacao" column="observacao" />

		<many-to-one name="ViewPessoaColaboradorModel" class="ViewPessoaColaboradorModel" column="id_colaborador" />

		<many-to-one name="CompraTipoRequisicaoModel" class="CompraTipoRequisicaoModel" column="id_compra_tipo_requisicao" />

		<bag name="CompraRequisicaoDetalheModelList" table="compra_requisicao_detalhe" cascade="all-delete-orphan" inverse="true">
		<key column="id_compra_requisicao"/> 
		<one-to-many class="CompraRequisicaoDetalheModel"/> 
	</bag> 

  </class>
</hibernate-mapping>