<?xml version="1.0" encoding="utf-8"?>
<hibernate-mapping assembly="compras" namespace="compras.Models" default-lazy="false" xmlns="urn:nhibernate-mapping-2.2">
  <class name="CompraPedidoDetalheModel" table="compra_pedido_detalhe" >
		<id name="Id" column="id">
			<generator class="identity" />
		</id> 

		<property name="Quantidade" column="quantidade" />

		<property name="ValorUnitario" column="valor_unitario" />

		<property name="ValorSubtotal" column="valor_subtotal" />

		<property name="TaxaDesconto" column="taxa_desconto" />

		<property name="ValorDesconto" column="valor_desconto" />

		<property name="ValorTotal" column="valor_total" />

		<property name="Cst" column="cst" />

		<property name="Csosn" column="csosn" />

		<property name="Cfop" column="cfop" />

		<property name="BaseCalculoIcms" column="base_calculo_icms" />

		<property name="ValorIcms" column="valor_icms" />

		<property name="ValorIpi" column="valor_ipi" />

		<property name="AliquotaIcms" column="aliquota_icms" />

		<property name="AliquotaIpi" column="aliquota_ipi" />

		<many-to-one name="CompraPedidoModel" class="CompraPedidoModel" column="id_compra_pedido" unique="true" />

		<many-to-one name="ProdutoModel" class="ProdutoModel" column="id_produto" />

  </class>
</hibernate-mapping>