<?xml version="1.0" encoding="utf-8"?>
<hibernate-mapping assembly="compras" namespace="compras.Models" default-lazy="false" xmlns="urn:nhibernate-mapping-2.2">
  <class name="TributGrupoTributarioModel" table="tribut_grupo_tributario" >
		<id name="Id" column="id">
			<generator class="identity" />
		</id> 

		<property name="Descricao" column="descricao" />

		<property name="OrigemMercadoria" column="origem_mercadoria" />

		<property name="Observacao" column="observacao" />

  </class>
</hibernate-mapping>