<?xml version="1.0" encoding="utf-8"?>
<hibernate-mapping assembly="ordem_servico" namespace="ordem_servico.Models" default-lazy="false" xmlns="urn:nhibernate-mapping-2.2">
  <class name="OsAberturaModel" table="os_abertura" >
		<id name="Id" column="id">
			<generator class="identity" />
		</id> 

		<property name="Numero" column="numero" />

		<property name="DataInicio" column="data_inicio" />

		<property name="HoraInicio" column="hora_inicio" />

		<property name="DataPrevisao" column="data_previsao" />

		<property name="HoraPrevisao" column="hora_previsao" />

		<property name="DataFim" column="data_fim" />

		<property name="HoraFim" column="hora_fim" />

		<property name="NomeContato" column="nome_contato" />

		<property name="FoneContato" column="fone_contato" />

		<property name="ObservacaoCliente" column="observacao_cliente" />

		<property name="ObservacaoAbertura" column="observacao_abertura" />

		<many-to-one name="ViewPessoaClienteModel" class="ViewPessoaClienteModel" column="id_cliente" />

		<many-to-one name="ViewPessoaColaboradorModel" class="ViewPessoaColaboradorModel" column="id_colaborador" />

		<many-to-one name="OsStatusModel" class="OsStatusModel" column="id_os_status" />

		<bag name="OsAberturaEquipamentoModelList" table="os_abertura_equipamento" cascade="all-delete-orphan" inverse="true">
		<key column="id_os_abertura"/> 
		<one-to-many class="OsAberturaEquipamentoModel"/> 
	</bag> 

		<bag name="OsProdutoServicoModelList" table="os_produto_servico" cascade="all-delete-orphan" inverse="true">
		<key column="id_os_abertura"/> 
		<one-to-many class="OsProdutoServicoModel"/> 
	</bag> 

		<bag name="OsEvolucaoModelList" table="os_evolucao" cascade="all-delete-orphan" inverse="true">
		<key column="id_os_abertura"/> 
		<one-to-many class="OsEvolucaoModel"/> 
	</bag> 

  </class>
</hibernate-mapping>