<?xml version="1.0" encoding="utf-8"?>
<hibernate-mapping assembly="ordem_servico" namespace="ordem_servico.Models" default-lazy="false" xmlns="urn:nhibernate-mapping-2.2">
  <class name="OsEvolucaoModel" table="os_evolucao" >
		<id name="Id" column="id">
			<generator class="identity" />
		</id> 

		<property name="DataRegistro" column="data_registro" />

		<property name="HoraRegistro" column="hora_registro" />

		<property name="EnviarEmail" column="enviar_email" />

		<property name="Observacao" column="observacao" />

		<many-to-one name="OsAberturaModel" class="OsAberturaModel" column="id_os_abertura" unique="true" />

  </class>
</hibernate-mapping>