<?xml version="1.0" encoding="utf-8"?>
<hibernate-mapping assembly="ordem_servico" namespace="ordem_servico.Models" default-lazy="false" xmlns="urn:nhibernate-mapping-2.2">
  <class name="ProdutoSubgrupoModel" table="produto_subgrupo" >
		<id name="Id" column="id">
			<generator class="identity" />
		</id> 

		<property name="Nome" column="nome" />

		<property name="Descricao" column="descricao" />

		<many-to-one name="ProdutoGrupoModel" class="ProdutoGrupoModel" column="id_produto_grupo" unique="true" />

		<bag name="ProdutoModelList" table="produto" cascade="all-delete-orphan" inverse="true">
		<key column="id_produto_subgrupo"/> 
		<one-to-many class="ProdutoModel"/> 
	</bag> 

  </class>
</hibernate-mapping>