<?xml version="1.0" encoding="utf-8"?>
<hibernate-mapping assembly="ordem_servico" namespace="ordem_servico.Models" default-lazy="false" xmlns="urn:nhibernate-mapping-2.2">
  <class name="ViewPessoaClienteModel" table="view_pessoa_cliente" >
		<id name="Id" column="id">
			<generator class="identity" />
		</id> 

		<property name="Nome" column="nome" />

		<property name="Tipo" column="tipo" />

		<property name="Email" column="email" />

		<property name="Site" column="site" />

		<property name="CpfCnpj" column="cpf_cnpj" />

		<property name="RgIe" column="rg_ie" />

		<property name="Desde" column="desde" />

		<property name="TaxaDesconto" column="taxa_desconto" />

		<property name="LimiteCredito" column="limite_credito" />

		<property name="DataCadastro" column="data_cadastro" />

		<property name="Observacao" column="observacao" />

		<property name="IdPessoa" column="id_pessoa" />

  </class>
</hibernate-mapping>