<?xml version="1.0" encoding="utf-8"?>
<hibernate-mapping assembly="pcp" namespace="pcp.Models" default-lazy="false" xmlns="urn:nhibernate-mapping-2.2">
  <class name="PcpServicoModel" table="pcp_servico" >
		<id name="Id" column="id">
			<generator class="identity" />
		</id> 

		<property name="InicioRealizado" column="inicio_realizado" />

		<property name="TerminoRealizado" column="termino_realizado" />

		<property name="HorasRealizado" column="horas_realizado" />

		<property name="MinutosRealizado" column="minutos_realizado" />

		<property name="SegundosRealizado" column="segundos_realizado" />

		<property name="CustoRealizado" column="custo_realizado" />

		<property name="InicioPrevisto" column="inicio_previsto" />

		<property name="TerminoPrevisto" column="termino_previsto" />

		<property name="HorasPrevisto" column="horas_previsto" />

		<property name="MinutosPrevisto" column="minutos_previsto" />

		<property name="SegundosPrevisto" column="segundos_previsto" />

		<property name="CustoPrevisto" column="custo_previsto" />

		<many-to-one name="PcpOpDetalheModel" class="PcpOpDetalheModel" column="id_pcp_op_detalhe" />

		<bag name="PcpServicoColaboradorModelList" table="pcp_servico_colaborador" cascade="all-delete-orphan" inverse="true">
		<key column="id_pcp_servico"/> 
		<one-to-many class="PcpServicoColaboradorModel"/> 
	</bag> 

		<bag name="PcpServicoEquipamentoModelList" table="pcp_servico_equipamento" cascade="all-delete-orphan" inverse="true">
		<key column="id_pcp_servico"/> 
		<one-to-many class="PcpServicoEquipamentoModel"/> 
	</bag> 

  </class>
</hibernate-mapping>