<?xml version="1.0" encoding="utf-8"?>
<hibernate-mapping assembly="nfe" namespace="nfe.Models" default-lazy="false" xmlns="urn:nhibernate-mapping-2.2">
  <class name="NfeCanaFornecimentoDiarioModel" table="nfe_cana_fornecimento_diario" >
		<id name="Id" column="id">
			<generator class="identity" />
		</id> 

		<property name="Dia" column="dia" />

		<property name="Quantidade" column="quantidade" />

		<property name="QuantidadeTotalMes" column="quantidade_total_mes" />

		<property name="QuantidadeTotalAnterior" column="quantidade_total_anterior" />

		<property name="QuantidadeTotalGeral" column="quantidade_total_geral" />

		<many-to-one name="NfeCanaModel" class="NfeCanaModel" column="id_nfe_cana" />

  </class>
</hibernate-mapping>