<?xml version="1.0" encoding="utf-8"?>
<hibernate-mapping assembly="nfe" namespace="nfe.Models" default-lazy="false" xmlns="urn:nhibernate-mapping-2.2">
  <class name="NfeCabecalhoModel" table="nfe_cabecalho" >
		<id name="Id" column="id">
			<generator class="identity" />
		</id> 

		<property name="UfEmitente" column="uf_emitente" />

		<property name="CodigoNumerico" column="codigo_numerico" />

		<property name="NaturezaOperacao" column="natureza_operacao" />

		<property name="CodigoModelo" column="codigo_modelo" />

		<property name="Serie" column="serie" />

		<property name="Numero" column="numero" />

		<property name="DataHoraEmissao" column="data_hora_emissao" />

		<property name="DataHoraEntradaSaida" column="data_hora_entrada_saida" />

		<property name="TipoOperacao" column="tipo_operacao" />

		<property name="LocalDestino" column="local_destino" />

		<property name="CodigoMunicipio" column="codigo_municipio" />

		<property name="FormatoImpressaoDanfe" column="formato_impressao_danfe" />

		<property name="TipoEmissao" column="tipo_emissao" />

		<property name="ChaveAcesso" column="chave_acesso" />

		<property name="DigitoChaveAcesso" column="digito_chave_acesso" />

		<property name="Ambiente" column="ambiente" />

		<property name="FinalidadeEmissao" column="finalidade_emissao" />

		<property name="ConsumidorOperacao" column="consumidor_operacao" />

		<property name="ConsumidorPresenca" column="consumidor_presenca" />

		<property name="ProcessoEmissao" column="processo_emissao" />

		<property name="VersaoProcessoEmissao" column="versao_processo_emissao" />

		<property name="DataEntradaContingencia" column="data_entrada_contingencia" />

		<property name="JustificativaContingencia" column="justificativa_contingencia" />

		<property name="BaseCalculoIcms" column="base_calculo_icms" />

		<property name="ValorIcms" column="valor_icms" />

		<property name="ValorIcmsDesonerado" column="valor_icms_desonerado" />

		<property name="TotalIcmsFcpUfDestino" column="total_icms_fcp_uf_destino" />

		<property name="TotalIcmsInterestadualUfDestino" column="total_icms_interestadual_uf_destino" />

		<property name="TotalIcmsInterestadualUfRemetente" column="total_icms_interestadual_uf_remetente" />

		<property name="ValorTotalFcp" column="valor_total_fcp" />

		<property name="BaseCalculoIcmsSt" column="base_calculo_icms_st" />

		<property name="ValorIcmsSt" column="valor_icms_st" />

		<property name="ValorTotalFcpSt" column="valor_total_fcp_st" />

		<property name="ValorTotalFcpStRetido" column="valor_total_fcp_st_retido" />

		<property name="ValorTotalProdutos" column="valor_total_produtos" />

		<property name="ValorFrete" column="valor_frete" />

		<property name="ValorSeguro" column="valor_seguro" />

		<property name="ValorDesconto" column="valor_desconto" />

		<property name="ValorImpostoImportacao" column="valor_imposto_importacao" />

		<property name="ValorIpi" column="valor_ipi" />

		<property name="ValorIpiDevolvido" column="valor_ipi_devolvido" />

		<property name="ValorPis" column="valor_pis" />

		<property name="ValorCofins" column="valor_cofins" />

		<property name="ValorDespesasAcessorias" column="valor_despesas_acessorias" />

		<property name="ValorTotal" column="valor_total" />

		<property name="ValorTotalTributos" column="valor_total_tributos" />

		<property name="ValorServicos" column="valor_servicos" />

		<property name="BaseCalculoIssqn" column="base_calculo_issqn" />

		<property name="ValorIssqn" column="valor_issqn" />

		<property name="ValorPisIssqn" column="valor_pis_issqn" />

		<property name="ValorCofinsIssqn" column="valor_cofins_issqn" />

		<property name="DataPrestacaoServico" column="data_prestacao_servico" />

		<property name="ValorDeducaoIssqn" column="valor_deducao_issqn" />

		<property name="OutrasRetencoesIssqn" column="outras_retencoes_issqn" />

		<property name="DescontoIncondicionadoIssqn" column="desconto_incondicionado_issqn" />

		<property name="DescontoCondicionadoIssqn" column="desconto_condicionado_issqn" />

		<property name="TotalRetencaoIssqn" column="total_retencao_issqn" />

		<property name="RegimeEspecialTributacao" column="regime_especial_tributacao" />

		<property name="ValorRetidoPis" column="valor_retido_pis" />

		<property name="ValorRetidoCofins" column="valor_retido_cofins" />

		<property name="ValorRetidoCsll" column="valor_retido_csll" />

		<property name="BaseCalculoIrrf" column="base_calculo_irrf" />

		<property name="ValorRetidoIrrf" column="valor_retido_irrf" />

		<property name="BaseCalculoPrevidencia" column="base_calculo_previdencia" />

		<property name="ValorRetidoPrevidencia" column="valor_retido_previdencia" />

		<property name="InformacoesAddFisco" column="informacoes_add_fisco" />

		<property name="InformacoesAddContribuinte" column="informacoes_add_contribuinte" />

		<property name="ComexUfEmbarque" column="comex_uf_embarque" />

		<property name="ComexLocalEmbarque" column="comex_local_embarque" />

		<property name="ComexLocalDespacho" column="comex_local_despacho" />

		<property name="CompraNotaEmpenho" column="compra_nota_empenho" />

		<property name="CompraPedido" column="compra_pedido" />

		<property name="CompraContrato" column="compra_contrato" />

		<property name="Qrcode" column="qrcode" />

		<property name="UrlChave" column="url_chave" />

		<property name="StatusNota" column="status_nota" />

		<many-to-one name="TributOperacaoFiscalModel" class="TributOperacaoFiscalModel" column="id_tribut_operacao_fiscal" />

		<many-to-one name="VendaCabecalhoModel" class="VendaCabecalhoModel" column="id_venda_cabecalho" />

		<many-to-one name="ViewPessoaClienteModel" class="ViewPessoaClienteModel" column="id_cliente" />

		<many-to-one name="ViewPessoaColaboradorModel" class="ViewPessoaColaboradorModel" column="id_colaborador" />

		<many-to-one name="ViewPessoaFornecedorModel" class="ViewPessoaFornecedorModel" column="id_fornecedor" />

		<bag name="NfeReferenciadaModelList" table="nfe_referenciada" cascade="all-delete-orphan" inverse="true">
		<key column="id_nfe_cabecalho"/> 
		<one-to-many class="NfeReferenciadaModel"/> 
	</bag> 

		<bag name="NfeEmitenteModelList" table="nfe_emitente" cascade="all-delete-orphan" inverse="true">
		<key column="id_nfe_cabecalho"/> 
		<one-to-many class="NfeEmitenteModel"/> 
	</bag> 

		<bag name="NfeDestinatarioModelList" table="nfe_destinatario" cascade="all-delete-orphan" inverse="true">
		<key column="id_nfe_cabecalho"/> 
		<one-to-many class="NfeDestinatarioModel"/> 
	</bag> 

		<bag name="NfeLocalRetiradaModelList" table="nfe_local_retirada" cascade="all-delete-orphan" inverse="true">
		<key column="id_nfe_cabecalho"/> 
		<one-to-many class="NfeLocalRetiradaModel"/> 
	</bag> 

		<bag name="NfeLocalEntregaModelList" table="nfe_local_entrega" cascade="all-delete-orphan" inverse="true">
		<key column="id_nfe_cabecalho"/> 
		<one-to-many class="NfeLocalEntregaModel"/> 
	</bag> 

		<bag name="NfeTransporteModelList" table="nfe_transporte" cascade="all-delete-orphan" inverse="true">
		<key column="id_nfe_cabecalho"/> 
		<one-to-many class="NfeTransporteModel"/> 
	</bag> 

		<bag name="NfeFaturaModelList" table="nfe_fatura" cascade="all-delete-orphan" inverse="true">
		<key column="id_nfe_cabecalho"/> 
		<one-to-many class="NfeFaturaModel"/> 
	</bag> 

		<bag name="NfeCanaModelList" table="nfe_cana" cascade="all-delete-orphan" inverse="true">
		<key column="id_nfe_cabecalho"/> 
		<one-to-many class="NfeCanaModel"/> 
	</bag> 

		<bag name="NfeProdRuralReferenciadaModelList" table="nfe_prod_rural_referenciada" cascade="all-delete-orphan" inverse="true">
		<key column="id_nfe_cabecalho"/> 
		<one-to-many class="NfeProdRuralReferenciadaModel"/> 
	</bag> 

		<bag name="NfeNfReferenciadaModelList" table="nfe_nf_referenciada" cascade="all-delete-orphan" inverse="true">
		<key column="id_nfe_cabecalho"/> 
		<one-to-many class="NfeNfReferenciadaModel"/> 
	</bag> 

		<bag name="NfeProcessoReferenciadoModelList" table="nfe_processo_referenciado" cascade="all-delete-orphan" inverse="true">
		<key column="id_nfe_cabecalho"/> 
		<one-to-many class="NfeProcessoReferenciadoModel"/> 
	</bag> 

		<bag name="NfeAcessoXmlModelList" table="nfe_acesso_xml" cascade="all-delete-orphan" inverse="true">
		<key column="id_nfe_cabecalho"/> 
		<one-to-many class="NfeAcessoXmlModel"/> 
	</bag> 

		<bag name="NfeInformacaoPagamentoModelList" table="nfe_informacao_pagamento" cascade="all-delete-orphan" inverse="true">
		<key column="id_nfe_cabecalho"/> 
		<one-to-many class="NfeInformacaoPagamentoModel"/> 
	</bag> 

		<bag name="NfeResponsavelTecnicoModelList" table="nfe_responsavel_tecnico" cascade="all-delete-orphan" inverse="true">
		<key column="id_nfe_cabecalho"/> 
		<one-to-many class="NfeResponsavelTecnicoModel"/> 
	</bag> 

		<bag name="NfeCteReferenciadoModelList" table="nfe_cte_referenciado" cascade="all-delete-orphan" inverse="true">
		<key column="id_nfe_cabecalho"/> 
		<one-to-many class="NfeCteReferenciadoModel"/> 
	</bag> 

		<bag name="NfeCupomFiscalReferenciadoModelList" table="nfe_cupom_fiscal_referenciado" cascade="all-delete-orphan" inverse="true">
		<key column="id_nfe_cabecalho"/> 
		<one-to-many class="NfeCupomFiscalReferenciadoModel"/> 
	</bag> 

  </class>
</hibernate-mapping>