<?xml version="1.0" encoding="utf-8"?>
<hibernate-mapping assembly="nfe" namespace="nfe.Models" default-lazy="false" xmlns="urn:nhibernate-mapping-2.2">
  <class name="NfeCanaDeducoesSafraModel" table="nfe_cana_deducoes_safra" >
		<id name="Id" column="id">
			<generator class="identity" />
		</id> 

		<property name="Decricao" column="decricao" />

		<property name="ValorDeducao" column="valor_deducao" />

		<property name="ValorFornecimento" column="valor_fornecimento" />

		<property name="ValorTotalDeducao" column="valor_total_deducao" />

		<property name="ValorLiquidoFornecimento" column="valor_liquido_fornecimento" />

		<many-to-one name="NfeCanaModel" class="NfeCanaModel" column="id_nfe_cana" />

  </class>
</hibernate-mapping>