<?xml version="1.0" encoding="utf-8"?>
<hibernate-mapping assembly="nfe" namespace="nfe.Models" default-lazy="false" xmlns="urn:nhibernate-mapping-2.2">
  <class name="NfeDetalheImpostoIcmsModel" table="nfe_detalhe_imposto_icms" >
		<id name="Id" column="id">
			<generator class="identity" />
		</id> 

		<property name="OrigemMercadoria" column="origem_mercadoria" />

		<property name="CstIcms" column="cst_icms" />

		<property name="Csosn" column="csosn" />

		<property name="ModalidadeBcIcms" column="modalidade_bc_icms" />

		<property name="PercentualReducaoBcIcms" column="percentual_reducao_bc_icms" />

		<property name="ValorBcIcms" column="valor_bc_icms" />

		<property name="AliquotaIcms" column="aliquota_icms" />

		<property name="ValorIcmsOperacao" column="valor_icms_operacao" />

		<property name="PercentualDiferimento" column="percentual_diferimento" />

		<property name="ValorIcmsDiferido" column="valor_icms_diferido" />

		<property name="ValorIcms" column="valor_icms" />

		<property name="BaseCalculoFcp" column="base_calculo_fcp" />

		<property name="PercentualFcp" column="percentual_fcp" />

		<property name="ValorFcp" column="valor_fcp" />

		<property name="ModalidadeBcIcmsSt" column="modalidade_bc_icms_st" />

		<property name="PercentualMvaIcmsSt" column="percentual_mva_icms_st" />

		<property name="PercentualReducaoBcIcmsSt" column="percentual_reducao_bc_icms_st" />

		<property name="ValorBaseCalculoIcmsSt" column="valor_base_calculo_icms_st" />

		<property name="AliquotaIcmsSt" column="aliquota_icms_st" />

		<property name="ValorIcmsSt" column="valor_icms_st" />

		<property name="BaseCalculoFcpSt" column="base_calculo_fcp_st" />

		<property name="PercentualFcpSt" column="percentual_fcp_st" />

		<property name="ValorFcpSt" column="valor_fcp_st" />

		<property name="UfSt" column="uf_st" />

		<property name="PercentualBcOperacaoPropria" column="percentual_bc_operacao_propria" />

		<property name="ValorBcIcmsStRetido" column="valor_bc_icms_st_retido" />

		<property name="AliquotaSuportadaConsumidor" column="aliquota_suportada_consumidor" />

		<property name="ValorIcmsSubstituto" column="valor_icms_substituto" />

		<property name="ValorIcmsStRetido" column="valor_icms_st_retido" />

		<property name="BaseCalculoFcpStRetido" column="base_calculo_fcp_st_retido" />

		<property name="PercentualFcpStRetido" column="percentual_fcp_st_retido" />

		<property name="ValorFcpStRetido" column="valor_fcp_st_retido" />

		<property name="MotivoDesoneracaoIcms" column="motivo_desoneracao_icms" />

		<property name="ValorIcmsDesonerado" column="valor_icms_desonerado" />

		<property name="AliquotaCreditoIcmsSn" column="aliquota_credito_icms_sn" />

		<property name="ValorCreditoIcmsSn" column="valor_credito_icms_sn" />

		<property name="ValorBcIcmsStDestino" column="valor_bc_icms_st_destino" />

		<property name="ValorIcmsStDestino" column="valor_icms_st_destino" />

		<property name="PercentualReducaoBcEfetivo" column="percentual_reducao_bc_efetivo" />

		<property name="ValorBcEfetivo" column="valor_bc_efetivo" />

		<property name="AliquotaIcmsEfetivo" column="aliquota_icms_efetivo" />

		<property name="ValorIcmsEfetivo" column="valor_icms_efetivo" />

		<many-to-one name="NfeDetalheModel" class="NfeDetalheModel" column="id_nfe_detalhe" unique="true" />

  </class>
</hibernate-mapping>