<?xml version="1.0" encoding="utf-8"?>
<hibernate-mapping assembly="nfe" namespace="nfe.Models" default-lazy="false" xmlns="urn:nhibernate-mapping-2.2">
  <class name="NfeDetEspecificoCombustivelModel" table="nfe_det_especifico_combustivel" >
		<id name="Id" column="id">
			<generator class="identity" />
		</id> 

		<property name="CodigoAnp" column="codigo_anp" />

		<property name="DescricaoAnp" column="descricao_anp" />

		<property name="PercentualGlp" column="percentual_glp" />

		<property name="PercentualGasNacional" column="percentual_gas_nacional" />

		<property name="PercentualGasImportado" column="percentual_gas_importado" />

		<property name="ValorPartida" column="valor_partida" />

		<property name="Codif" column="codif" />

		<property name="QuantidadeTempAmbiente" column="quantidade_temp_ambiente" />

		<property name="UfConsumo" column="uf_consumo" />

		<property name="CideBaseCalculo" column="cide_base_calculo" />

		<property name="CideAliquota" column="cide_aliquota" />

		<property name="CideValor" column="cide_valor" />

		<property name="EncerranteBico" column="encerrante_bico" />

		<property name="EncerranteBomba" column="encerrante_bomba" />

		<property name="EncerranteTanque" column="encerrante_tanque" />

		<property name="EncerranteValorInicio" column="encerrante_valor_inicio" />

		<property name="EncerranteValorFim" column="encerrante_valor_fim" />

		<many-to-one name="NfeDetalheModel" class="NfeDetalheModel" column="id_nfe_detalhe" unique="true" />

  </class>
</hibernate-mapping>