<?xml version="1.0" encoding="utf-8"?>
<hibernate-mapping assembly="nfe" namespace="nfe.Models" default-lazy="false" xmlns="urn:nhibernate-mapping-2.2">
  <class name="NfeDetalheImpostoIpiModel" table="nfe_detalhe_imposto_ipi" >
		<id name="Id" column="id">
			<generator class="identity" />
		</id> 

		<property name="CnpjProdutor" column="cnpj_produtor" />

		<property name="CodigoSeloIpi" column="codigo_selo_ipi" />

		<property name="QuantidadeSeloIpi" column="quantidade_selo_ipi" />

		<property name="EnquadramentoLegalIpi" column="enquadramento_legal_ipi" />

		<property name="CstIpi" column="cst_ipi" />

		<property name="ValorBaseCalculoIpi" column="valor_base_calculo_ipi" />

		<property name="QuantidadeUnidadeTributavel" column="quantidade_unidade_tributavel" />

		<property name="ValorUnidadeTributavel" column="valor_unidade_tributavel" />

		<property name="AliquotaIpi" column="aliquota_ipi" />

		<property name="ValorIpi" column="valor_ipi" />

		<many-to-one name="NfeDetalheModel" class="NfeDetalheModel" column="id_nfe_detalhe" unique="true" />

  </class>
</hibernate-mapping>