<?xml version="1.0" encoding="utf-8"?>
<hibernate-mapping assembly="nfe" namespace="nfe.Models" default-lazy="false" xmlns="urn:nhibernate-mapping-2.2">
  <class name="NfeDetalheImpostoCofinsModel" table="nfe_detalhe_imposto_cofins" >
		<id name="Id" column="id">
			<generator class="identity" />
		</id> 

		<property name="CstCofins" column="cst_cofins" />

		<property name="BaseCalculoCofins" column="base_calculo_cofins" />

		<property name="AliquotaCofinsPercentual" column="aliquota_cofins_percentual" />

		<property name="QuantidadeVendida" column="quantidade_vendida" />

		<property name="AliquotaCofinsReais" column="aliquota_cofins_reais" />

		<property name="ValorCofins" column="valor_cofins" />

		<many-to-one name="NfeDetalheModel" class="NfeDetalheModel" column="id_nfe_detalhe" unique="true" />

  </class>
</hibernate-mapping>