<?xml version="1.0" encoding="utf-8"?>
<hibernate-mapping assembly="nfe" namespace="nfe.Models" default-lazy="false" xmlns="urn:nhibernate-mapping-2.2">
  <class name="NfeDetalheImpostoPisStModel" table="nfe_detalhe_imposto_pis_st" >
		<id name="Id" column="id">
			<generator class="identity" />
		</id> 

		<property name="ValorBaseCalculoPisSt" column="valor_base_calculo_pis_st" />

		<property name="AliquotaPisStPercentual" column="aliquota_pis_st_percentual" />

		<property name="QuantidadeVendidaPisSt" column="quantidade_vendida_pis_st" />

		<property name="AliquotaPisStReais" column="aliquota_pis_st_reais" />

		<property name="ValorPisSt" column="valor_pis_st" />

		<many-to-one name="NfeDetalheModel" class="NfeDetalheModel" column="id_nfe_detalhe" unique="true" />

  </class>
</hibernate-mapping>