<?xml version="1.0" encoding="utf-8"?>
<hibernate-mapping assembly="nfe" namespace="nfe.Models" default-lazy="false" xmlns="urn:nhibernate-mapping-2.2">
  <class name="NfeDetEspecificoMedicamentoModel" table="nfe_det_especifico_medicamento" >
		<id name="Id" column="id">
			<generator class="identity" />
		</id> 

		<property name="CodigoAnvisa" column="codigo_anvisa" />

		<property name="MotivoIsencao" column="motivo_isencao" />

		<property name="PrecoMaximoConsumidor" column="preco_maximo_consumidor" />

		<many-to-one name="NfeDetalheModel" class="NfeDetalheModel" column="id_nfe_detalhe" unique="true" />

  </class>
</hibernate-mapping>