<?xml version="1.0" encoding="utf-8"?>
<hibernate-mapping assembly="nfe" namespace="nfe.Models" default-lazy="false" xmlns="urn:nhibernate-mapping-2.2">
  <class name="NfeDetalheImpostoCofinsStModel" table="nfe_detalhe_imposto_cofins_st" >
		<id name="Id" column="id">
			<generator class="identity" />
		</id> 

		<property name="BaseCalculoCofinsSt" column="base_calculo_cofins_st" />

		<property name="AliquotaCofinsStPercentual" column="aliquota_cofins_st_percentual" />

		<property name="QuantidadeVendidaCofinsSt" column="quantidade_vendida_cofins_st" />

		<property name="AliquotaCofinsStReais" column="aliquota_cofins_st_reais" />

		<property name="ValorCofinsSt" column="valor_cofins_st" />

		<many-to-one name="NfeDetalheModel" class="NfeDetalheModel" column="id_nfe_detalhe" unique="true" />

  </class>
</hibernate-mapping>