<?xml version="1.0" encoding="utf-8"?>
<hibernate-mapping assembly="nfe" namespace="nfe.Models" default-lazy="false" xmlns="urn:nhibernate-mapping-2.2">
  <class name="NfeDetEspecificoVeiculoModel" table="nfe_det_especifico_veiculo" >
		<id name="Id" column="id">
			<generator class="identity" />
		</id> 

		<property name="TipoOperacao" column="tipo_operacao" />

		<property name="Chassi" column="chassi" />

		<property name="Cor" column="cor" />

		<property name="DescricaoCor" column="descricao_cor" />

		<property name="PotenciaMotor" column="potencia_motor" />

		<property name="Cilindradas" column="cilindradas" />

		<property name="PesoLiquido" column="peso_liquido" />

		<property name="PesoBruto" column="peso_bruto" />

		<property name="NumeroSerie" column="numero_serie" />

		<property name="TipoCombustivel" column="tipo_combustivel" />

		<property name="NumeroMotor" column="numero_motor" />

		<property name="CapacidadeMaximaTracao" column="capacidade_maxima_tracao" />

		<property name="DistanciaEixos" column="distancia_eixos" />

		<property name="AnoModelo" column="ano_modelo" />

		<property name="AnoFabricacao" column="ano_fabricacao" />

		<property name="TipoPintura" column="tipo_pintura" />

		<property name="TipoVeiculo" column="tipo_veiculo" />

		<property name="EspecieVeiculo" column="especie_veiculo" />

		<property name="CondicaoVin" column="condicao_vin" />

		<property name="CondicaoVeiculo" column="condicao_veiculo" />

		<property name="CodigoMarcaModelo" column="codigo_marca_modelo" />

		<property name="CodigoCorDenatran" column="codigo_cor_denatran" />

		<property name="LotacaoMaxima" column="lotacao_maxima" />

		<property name="Restricao" column="restricao" />

		<many-to-one name="NfeDetalheModel" class="NfeDetalheModel" column="id_nfe_detalhe" unique="true" />

  </class>
</hibernate-mapping>