<?xml version="1.0" encoding="utf-8"?>
<hibernate-mapping assembly="nfe" namespace="nfe.Models" default-lazy="false" xmlns="urn:nhibernate-mapping-2.2">
  <class name="NfeEmitenteModel" table="nfe_emitente" >
		<id name="Id" column="id">
			<generator class="identity" />
		</id> 

		<property name="Cnpj" column="cnpj" />

		<property name="Cpf" column="cpf" />

		<property name="Nome" column="nome" />

		<property name="Fantasia" column="fantasia" />

		<property name="Logradouro" column="logradouro" />

		<property name="Numero" column="numero" />

		<property name="Complemento" column="complemento" />

		<property name="Bairro" column="bairro" />

		<property name="CodigoMunicipio" column="codigo_municipio" />

		<property name="NomeMunicipio" column="nome_municipio" />

		<property name="Uf" column="uf" />

		<property name="Cep" column="cep" />

		<property name="CodigoPais" column="codigo_pais" />

		<property name="NomePais" column="nome_pais" />

		<property name="Telefone" column="telefone" />

		<property name="InscricaoEstadual" column="inscricao_estadual" />

		<property name="InscricaoEstadualSt" column="inscricao_estadual_st" />

		<property name="InscricaoMunicipal" column="inscricao_municipal" />

		<property name="Cnae" column="cnae" />

		<property name="Crt" column="crt" />

		<many-to-one name="NfeCabecalhoModel" class="NfeCabecalhoModel" column="id_nfe_cabecalho" unique="true" />

  </class>
</hibernate-mapping>