<?xml version="1.0" encoding="utf-8"?>
<hibernate-mapping assembly="nfe" namespace="nfe.Models" default-lazy="false" xmlns="urn:nhibernate-mapping-2.2">
  <class name="NfeExportacaoModel" table="nfe_exportacao" >
		<id name="Id" column="id">
			<generator class="identity" />
		</id> 

		<property name="Drawback" column="drawback" />

		<property name="NumeroRegistro" column="numero_registro" />

		<property name="ChaveAcesso" column="chave_acesso" />

		<property name="Quantidade" column="quantidade" />

		<many-to-one name="NfeDetalheModel" class="NfeDetalheModel" column="id_nfe_detalhe" unique="true" />

  </class>
</hibernate-mapping>