<?xml version="1.0" encoding="utf-8"?>
<hibernate-mapping assembly="nfe" namespace="nfe.Models" default-lazy="false" xmlns="urn:nhibernate-mapping-2.2">
  <class name="NfeInformacaoPagamentoModel" table="nfe_informacao_pagamento" >
		<id name="Id" column="id">
			<generator class="identity" />
		</id> 

		<property name="IndicadorPagamento" column="indicador_pagamento" />

		<property name="MeioPagamento" column="meio_pagamento" />

		<property name="Valor" column="valor" />

		<property name="TipoIntegracao" column="tipo_integracao" />

		<property name="CnpjOperadoraCartao" column="cnpj_operadora_cartao" />

		<property name="Bandeira" column="bandeira" />

		<property name="NumeroAutorizacao" column="numero_autorizacao" />

		<property name="Troco" column="troco" />

		<many-to-one name="NfeCabecalhoModel" class="NfeCabecalhoModel" column="id_nfe_cabecalho" unique="true" />

  </class>
</hibernate-mapping>