<?xml version="1.0" encoding="utf-8"?>
<hibernate-mapping assembly="nfe" namespace="nfe.Models" default-lazy="false" xmlns="urn:nhibernate-mapping-2.2">
  <class name="NfeImportacaoDetalheModel" table="nfe_importacao_detalhe" >
		<id name="Id" column="id">
			<generator class="identity" />
		</id> 

		<property name="NumeroAdicao" column="numero_adicao" />

		<property name="NumeroSequencial" column="numero_sequencial" />

		<property name="CodigoFabricanteEstrangeiro" column="codigo_fabricante_estrangeiro" />

		<property name="ValorDesconto" column="valor_desconto" />

		<property name="Drawback" column="drawback" />

		<many-to-one name="NfeDeclaracaoImportacaoModel" class="NfeDeclaracaoImportacaoModel" column="id_nfe_declaracao_importacao" />

  </class>
</hibernate-mapping>