<?xml version="1.0" encoding="utf-8"?>
<hibernate-mapping assembly="nfe" namespace="nfe.Models" default-lazy="false" xmlns="urn:nhibernate-mapping-2.2">
  <class name="NfeItemRastreadoModel" table="nfe_item_rastreado" >
		<id name="Id" column="id">
			<generator class="identity" />
		</id> 

		<property name="NumeroLote" column="numero_lote" />

		<property name="QuantidadeItens" column="quantidade_itens" />

		<property name="DataFabricacao" column="data_fabricacao" />

		<property name="DataValidade" column="data_validade" />

		<property name="CodigoAgregacao" column="codigo_agregacao" />

		<many-to-one name="NfeDetalheModel" class="NfeDetalheModel" column="id_nfe_detalhe" unique="true" />

  </class>
</hibernate-mapping>