<?xml version="1.0" encoding="utf-8"?>
<hibernate-mapping assembly="nfe" namespace="nfe.Models" default-lazy="false" xmlns="urn:nhibernate-mapping-2.2">
  <class name="NfeProcessoReferenciadoModel" table="nfe_processo_referenciado" >
		<id name="Id" column="id">
			<generator class="identity" />
		</id> 

		<property name="Identificador" column="identificador" />

		<property name="Origem" column="origem" />

		<many-to-one name="NfeCabecalhoModel" class="NfeCabecalhoModel" column="id_nfe_cabecalho" unique="true" />

  </class>
</hibernate-mapping>