<?xml version="1.0" encoding="utf-8"?>
<hibernate-mapping assembly="nfe" namespace="nfe.Models" default-lazy="false" xmlns="urn:nhibernate-mapping-2.2">
  <class name="NfeResponsavelTecnicoModel" table="nfe_responsavel_tecnico" >
		<id name="Id" column="id">
			<generator class="identity" />
		</id> 

		<property name="Cnpj" column="cnpj" />

		<property name="Contato" column="contato" />

		<property name="Email" column="email" />

		<property name="Telefone" column="telefone" />

		<property name="IdentificadorCsrt" column="identificador_csrt" />

		<property name="HashCsrt" column="hash_csrt" />

		<many-to-one name="NfeCabecalhoModel" class="NfeCabecalhoModel" column="id_nfe_cabecalho" unique="true" />

  </class>
</hibernate-mapping>