<?xml version="1.0" encoding="utf-8"?>
<hibernate-mapping assembly="nfe" namespace="nfe.Models" default-lazy="false" xmlns="urn:nhibernate-mapping-2.2">
  <class name="NfeTransporteReboqueModel" table="nfe_transporte_reboque" >
		<id name="Id" column="id">
			<generator class="identity" />
		</id> 

		<property name="Placa" column="placa" />

		<property name="Uf" column="uf" />

		<property name="Rntc" column="rntc" />

		<property name="Vagao" column="vagao" />

		<property name="Balsa" column="balsa" />

		<many-to-one name="NfeTransporteModel" class="NfeTransporteModel" column="id_nfe_transporte" />

  </class>
</hibernate-mapping>