<?xml version="1.0" encoding="utf-8"?>
<hibernate-mapping assembly="tributacao" namespace="tributacao.Models" default-lazy="false" xmlns="urn:nhibernate-mapping-2.2">
  <class name="TributConfiguraOfGtModel" table="tribut_configura_of_gt" >
		<id name="Id" column="id">
			<generator class="identity" />
		</id> 

		<one-to-one name="TributIpiModel" class="TributIpiModel" property-ref="TributConfiguraOfGtModel" cascade="all" />

		<one-to-one name="TributCofinsModel" class="TributCofinsModel" property-ref="TributConfiguraOfGtModel" cascade="all" />

		<one-to-one name="TributPisModel" class="TributPisModel" property-ref="TributConfiguraOfGtModel" cascade="all" />

		<many-to-one name="TributGrupoTributarioModel" class="TributGrupoTributarioModel" column="id_tribut_grupo_tributario" />

		<many-to-one name="TributOperacaoFiscalModel" class="TributOperacaoFiscalModel" column="id_tribut_operacao_fiscal" />

		<bag name="TributIcmsUfModelList" table="tribut_icms_uf" cascade="all-delete-orphan" inverse="true">
		<key column="id_tribut_configura_of_gt"/> 
		<one-to-many class="TributIcmsUfModel"/> 
	</bag> 

  </class>
</hibernate-mapping>