<?xml version="1.0" encoding="utf-8"?>
<hibernate-mapping assembly="tributacao" namespace="tributacao.Models" default-lazy="false" xmlns="urn:nhibernate-mapping-2.2">
  <class name="TributIcmsCustomDetModel" table="tribut_icms_custom_det" >
		<id name="Id" column="id">
			<generator class="identity" />
		</id> 

		<property name="UfDestino" column="uf_destino" />

		<property name="Cst" column="cst" />

		<property name="Csosn" column="csosn" />

		<property name="ModalidadeBc" column="modalidade_bc" />

		<property name="Cfop" column="cfop" />

		<property name="Aliquota" column="aliquota" />

		<property name="ValorPauta" column="valor_pauta" />

		<property name="ValorPrecoMaximo" column="valor_preco_maximo" />

		<property name="Mva" column="mva" />

		<property name="PorcentoBc" column="porcento_bc" />

		<property name="ModalidadeBcSt" column="modalidade_bc_st" />

		<property name="AliquotaInternaSt" column="aliquota_interna_st" />

		<property name="AliquotaInterestadualSt" column="aliquota_interestadual_st" />

		<property name="PorcentoBcSt" column="porcento_bc_st" />

		<property name="AliquotaIcmsSt" column="aliquota_icms_st" />

		<property name="ValorPautaSt" column="valor_pauta_st" />

		<property name="ValorPrecoMaximoSt" column="valor_preco_maximo_st" />

		<many-to-one name="TributIcmsCustomCabModel" class="TributIcmsCustomCabModel" column="id_tribut_icms_custom_cab" unique="true" />

  </class>
</hibernate-mapping>