<?xml version="1.0" encoding="utf-8"?>
<hibernate-mapping assembly="tributacao" namespace="tributacao.Models" default-lazy="false" xmlns="urn:nhibernate-mapping-2.2">
  <class name="TributIssModel" table="tribut_iss" >
		<id name="Id" column="id">
			<generator class="identity" />
		</id> 

		<property name="ModalidadeBaseCalculo" column="modalidade_base_calculo" />

		<property name="CodigoTributacao" column="codigo_tributacao" />

		<property name="ItemListaServico" column="item_lista_servico" />

		<property name="PorcentoBaseCalculo" column="porcento_base_calculo" />

		<property name="AliquotaPorcento" column="aliquota_porcento" />

		<property name="AliquotaUnidade" column="aliquota_unidade" />

		<property name="ValorPrecoMaximo" column="valor_preco_maximo" />

		<property name="ValorPautaFiscal" column="valor_pauta_fiscal" />

		<many-to-one name="TributOperacaoFiscalModel" class="TributOperacaoFiscalModel" column="id_tribut_operacao_fiscal" />

  </class>
</hibernate-mapping>