<?xml version="1.0" encoding="utf-8"?>
<hibernate-mapping assembly="ponto" namespace="ponto.Models" default-lazy="false" xmlns="urn:nhibernate-mapping-2.2">
  <class name="PontoBancoHorasUtilizacaoModel" table="ponto_banco_horas_utilizacao" >
		<id name="Id" column="id">
			<generator class="identity" />
		</id> 

		<property name="DataUtilizacao" column="data_utilizacao" />

		<property name="QuantidadeUtilizada" column="quantidade_utilizada" />

		<property name="Observacao" column="observacao" />

		<many-to-one name="PontoBancoHorasModel" class="PontoBancoHorasModel" column="id_ponto_banco_horas" unique="true" />

  </class>
</hibernate-mapping>