<?xml version="1.0" encoding="utf-8"?>
<hibernate-mapping assembly="ponto" namespace="ponto.Models" default-lazy="false" xmlns="urn:nhibernate-mapping-2.2">
  <class name="PontoHorarioAutorizadoModel" table="ponto_horario_autorizado" >
		<id name="Id" column="id">
			<generator class="identity" />
		</id> 

		<property name="DataHorario" column="data_horario" />

		<property name="Tipo" column="tipo" />

		<property name="CargaHoraria" column="carga_horaria" />

		<property name="Entrada01" column="entrada01" />

		<property name="Saida01" column="saida01" />

		<property name="Entrada02" column="entrada02" />

		<property name="Saida02" column="saida02" />

		<property name="Entrada03" column="entrada03" />

		<property name="Saida03" column="saida03" />

		<property name="Entrada04" column="entrada04" />

		<property name="Saida04" column="saida04" />

		<property name="Entrada05" column="entrada05" />

		<property name="Saida05" column="saida05" />

		<property name="HoraFechamentoDia" column="hora_fechamento_dia" />

		<many-to-one name="ViewPessoaColaboradorModel" class="ViewPessoaColaboradorModel" column="id_colaborador" />

  </class>
</hibernate-mapping>