<?xml version="1.0" encoding="utf-8"?>
<hibernate-mapping assembly="ponto" namespace="ponto.Models" default-lazy="false" xmlns="urn:nhibernate-mapping-2.2">
  <class name="PontoAbonoModel" table="ponto_abono" >
		<id name="Id" column="id">
			<generator class="identity" />
		</id> 

		<property name="Quantidade" column="quantidade" />

		<property name="Utilizado" column="utilizado" />

		<property name="Saldo" column="saldo" />

		<property name="DataCadastro" column="data_cadastro" />

		<property name="InicioUtilizacao" column="inicio_utilizacao" />

		<property name="DataValidade" column="data_validade" />

		<property name="Observacao" column="observacao" />

		<many-to-one name="ViewPessoaColaboradorModel" class="ViewPessoaColaboradorModel" column="id_colaborador" />

		<bag name="PontoAbonoUtilizacaoModelList" table="ponto_abono_utilizacao" cascade="all-delete-orphan" inverse="true">
		<key column="id_ponto_abono"/> 
		<one-to-many class="PontoAbonoUtilizacaoModel"/> 
	</bag> 

  </class>
</hibernate-mapping>