<?xml version="1.0" encoding="utf-8"?>
<hibernate-mapping assembly="ponto" namespace="ponto.Models" default-lazy="false" xmlns="urn:nhibernate-mapping-2.2">
  <class name="PontoTurmaModel" table="ponto_turma" >
		<id name="Id" column="id">
			<generator class="identity" />
		</id> 

		<property name="Codigo" column="codigo" />

		<property name="Nome" column="nome" />

		<many-to-one name="PontoEscalaModel" class="PontoEscalaModel" column="id_ponto_escala" unique="true" />

  </class>
</hibernate-mapping>