<?xml version="1.0" encoding="utf-8"?>
<hibernate-mapping assembly="ponto" namespace="ponto.Models" default-lazy="false" xmlns="urn:nhibernate-mapping-2.2">
  <class name="PontoMarcacaoModel" table="ponto_marcacao" >
		<id name="Id" column="id">
			<generator class="identity" />
		</id> 

		<property name="Nsr" column="nsr" />

		<property name="DataMarcacao" column="data_marcacao" />

		<property name="HoraMarcacao" column="hora_marcacao" />

		<property name="TipoMarcacao" column="tipo_marcacao" />

		<property name="TipoRegistro" column="tipo_registro" />

		<property name="ParEntradaSaida" column="par_entrada_saida" />

		<property name="Justificativa" column="justificativa" />

		<many-to-one name="ViewPessoaColaboradorModel" class="ViewPessoaColaboradorModel" column="id_colaborador" />

		<many-to-one name="PontoRelogioModel" class="PontoRelogioModel" column="id_ponto_relogio" />

  </class>
</hibernate-mapping>