<?xml version="1.0" encoding="utf-8"?>
<hibernate-mapping assembly="ponto" namespace="ponto.Models" default-lazy="false" xmlns="urn:nhibernate-mapping-2.2">
  <class name="PontoParametroModel" table="ponto_parametro" >
		<id name="Id" column="id">
			<generator class="identity" />
		</id> 

		<property name="MesAno" column="mes_ano" />

		<property name="DiaInicialApuracao" column="dia_inicial_apuracao" />

		<property name="HoraNoturnaInicio" column="hora_noturna_inicio" />

		<property name="HoraNoturnaFim" column="hora_noturna_fim" />

		<property name="PeriodoMinimoInterjornada" column="periodo_minimo_interjornada" />

		<property name="PercentualHeDiurna" column="percentual_he_diurna" />

		<property name="PercentualHeNoturna" column="percentual_he_noturna" />

		<property name="DuracaoHoraNoturna" column="duracao_hora_noturna" />

		<property name="TratamentoHoraMais" column="tratamento_hora_mais" />

		<property name="TratamentoHoraMenos" column="tratamento_hora_menos" />

  </class>
</hibernate-mapping>