<?xml version="1.0" encoding="utf-8"?>
<hibernate-mapping assembly="ponto" namespace="ponto.Models" default-lazy="false" xmlns="urn:nhibernate-mapping-2.2">
  <class name="PontoEscalaModel" table="ponto_escala" >
		<id name="Id" column="id">
			<generator class="identity" />
		</id> 

		<property name="Nome" column="nome" />

		<property name="DescontoHoraDia" column="desconto_hora_dia" />

		<property name="DescontoDsr" column="desconto_dsr" />

		<property name="CodigoHorarioDomingo" column="codigo_horario_domingo" />

		<property name="CodigoHorarioSegunda" column="codigo_horario_segunda" />

		<property name="CodigoHorarioTerca" column="codigo_horario_terca" />

		<property name="CodigoHorarioQuarta" column="codigo_horario_quarta" />

		<property name="CodigoHorarioQuinta" column="codigo_horario_quinta" />

		<property name="CodigoHorarioSexta" column="codigo_horario_sexta" />

		<property name="CodigoHorarioSabado" column="codigo_horario_sabado" />

		<bag name="PontoTurmaModelList" table="ponto_turma" cascade="all-delete-orphan" inverse="true">
		<key column="id_ponto_escala"/> 
		<one-to-many class="PontoTurmaModel"/> 
	</bag> 

  </class>
</hibernate-mapping>