<?xml version="1.0" encoding="utf-8"?>
<hibernate-mapping assembly="vendas" namespace="vendas.Models" default-lazy="false" xmlns="urn:nhibernate-mapping-2.2">
  <class name="NotaFiscalTipoModel" table="nota_fiscal_tipo" >
		<id name="Id" column="id">
			<generator class="identity" />
		</id> 

		<property name="Nome" column="nome" />

		<property name="Descricao" column="descricao" />

		<property name="Serie" column="serie" />

		<property name="SerieScan" column="serie_scan" />

		<property name="UltimoNumero" column="ultimo_numero" />

		<many-to-one name="NotaFiscalModeloModel" class="NotaFiscalModeloModel" column="id_nota_fiscal_modelo" />

  </class>
</hibernate-mapping>