<?xml version="1.0" encoding="utf-8"?>
<hibernate-mapping assembly="vendas" namespace="vendas.Models" default-lazy="false" xmlns="urn:nhibernate-mapping-2.2">
  <class name="VendaCondicoesPagamentoModel" table="venda_condicoes_pagamento" >
		<id name="Id" column="id">
			<generator class="identity" />
		</id> 

		<property name="Nome" column="nome" />

		<property name="Descricao" column="descricao" />

		<property name="FaturamentoMinimo" column="faturamento_minimo" />

		<property name="FaturamentoMaximo" column="faturamento_maximo" />

		<property name="IndiceCorrecao" column="indice_correcao" />

		<property name="DiasTolerancia" column="dias_tolerancia" />

		<property name="ValorTolerancia" column="valor_tolerancia" />

		<property name="PrazoMedio" column="prazo_medio" />

		<property name="VistaPrazo" column="vista_prazo" />

		<bag name="VendaCondicoesParcelasModelList" table="venda_condicoes_parcelas" cascade="all-delete-orphan" inverse="true">
		<key column="id_venda_condicoes_pagamento"/> 
		<one-to-many class="VendaCondicoesParcelasModel"/> 
	</bag> 

  </class>
</hibernate-mapping>