<?xml version="1.0" encoding="utf-8"?>
<hibernate-mapping assembly="vendas" namespace="vendas.Models" default-lazy="false" xmlns="urn:nhibernate-mapping-2.2">
  <class name="VendaFreteModel" table="venda_frete" >
		<id name="Id" column="id">
			<generator class="identity" />
		</id> 

		<property name="Responsavel" column="responsavel" />

		<property name="Conhecimento" column="conhecimento" />

		<property name="Placa" column="placa" />

		<property name="UfPlaca" column="uf_placa" />

		<property name="SeloFiscal" column="selo_fiscal" />

		<property name="QuantidadeVolume" column="quantidade_volume" />

		<property name="MarcaVolume" column="marca_volume" />

		<property name="EspecieVolume" column="especie_volume" />

		<property name="PesoBruto" column="peso_bruto" />

		<property name="PesoLiquido" column="peso_liquido" />

		<many-to-one name="VendaCabecalhoModel" class="VendaCabecalhoModel" column="id_venda_cabecalho" unique="true" />

		<many-to-one name="ViewPessoaTransportadoraModel" class="ViewPessoaTransportadoraModel" column="id_transportadora" />

  </class>
</hibernate-mapping>