<?xml version="1.0" encoding="utf-8"?>
<hibernate-mapping assembly="tributacao" namespace="tributacao.Models" default-lazy="false" xmlns="urn:nhibernate-mapping-2.2">
  <class name="TributCofinsModel" table="tribut_cofins" >
		<id name="Id" column="id">
			<generator class="identity" />
		</id> 

		<property name="CstCofins" column="cst_cofins" />

		<property name="ModalidadeBaseCalculo" column="modalidade_base_calculo" />

		<property name="EfdTabela435" column="efd_tabela_435" />

		<property name="PorcentoBaseCalculo" column="porcento_base_calculo" />

		<property name="AliquotaPorcento" column="aliquota_porcento" />

		<property name="AliquotaUnidade" column="aliquota_unidade" />

		<property name="ValorPrecoMaximo" column="valor_preco_maximo" />

		<property name="ValorPautaFiscal" column="valor_pauta_fiscal" />

		<many-to-one name="TributConfiguraOfGtModel" class="TributConfiguraOfGtModel" column="id_tribut_configura_of_gt" unique="true" />

  </class>
</hibernate-mapping>