<?xml version="1.0" encoding="utf-8"?>
<hibernate-mapping assembly="tributacao" namespace="tributacao.Models" default-lazy="false" xmlns="urn:nhibernate-mapping-2.2">
  <class name="TributIcmsCustomCabModel" table="tribut_icms_custom_cab" >
		<id name="Id" column="id">
			<generator class="identity" />
		</id> 

		<property name="Descricao" column="descricao" />

		<property name="OrigemMercadoria" column="origem_mercadoria" />

		<bag name="TributIcmsCustomDetModelList" table="tribut_icms_custom_det" cascade="all-delete-orphan" inverse="true">
		<key column="id_tribut_icms_custom_cab"/> 
		<one-to-many class="TributIcmsCustomDetModel"/> 
	</bag> 

  </class>
</hibernate-mapping>