<?xml version="1.0" encoding="utf-8"?>
<hibernate-mapping assembly="sped" namespace="sped.Models" default-lazy="false" xmlns="urn:nhibernate-mapping-2.2">
  <class name="SpedContabilModel" table="sped_contabil" >
		<id name="Id" column="id">
			<generator class="identity" />
		</id> 

		<property name="DataEmissao" column="data_emissao" />

		<property name="PeriodoInicial" column="periodo_inicial" />

		<property name="PeriodoFinal" column="periodo_final" />

		<property name="FormaEscrituracao" column="forma_escrituracao" />

		<property name="VersaoLayout" column="versao_layout" />

  </class>
</hibernate-mapping>