<?xml version="1.0" encoding="utf-8"?>
<hibernate-mapping assembly="compras" namespace="compras.Models" default-lazy="false" xmlns="urn:nhibernate-mapping-2.2">
  <class name="CompraRequisicaoDetalheModel" table="compra_requisicao_detalhe" >
		<id name="Id" column="id">
			<generator class="identity" />
		</id> 

		<property name="Quantidade" column="quantidade" />

		<many-to-one name="CompraRequisicaoModel" class="CompraRequisicaoModel" column="id_compra_requisicao" unique="true" />

		<many-to-one name="ProdutoModel" class="ProdutoModel" column="id_produto" />

  </class>
</hibernate-mapping>