<?xml version="1.0" encoding="utf-8"?>
<hibernate-mapping assembly="compras" namespace="compras.Models" default-lazy="false" xmlns="urn:nhibernate-mapping-2.2">
  <class name="CompraCotacaoDetalheModel" table="compra_cotacao_detalhe" >
		<id name="Id" column="id">
			<generator class="identity" />
		</id> 

		<property name="Quantidade" column="quantidade" />

		<property name="ValorUnitario" column="valor_unitario" />

		<property name="ValorSubtotal" column="valor_subtotal" />

		<property name="TaxaDesconto" column="taxa_desconto" />

		<property name="ValorDesconto" column="valor_desconto" />

		<property name="ValorTotal" column="valor_total" />

		<many-to-one name="ProdutoModel" class="ProdutoModel" column="id_produto" />

		<many-to-one name="CompraCotacaoModel" class="CompraCotacaoModel" column="id_compra_cotacao" unique="true" />

  </class>
</hibernate-mapping>