<?xml version="1.0" encoding="utf-8"?>
<hibernate-mapping assembly="compras" namespace="compras.Models" default-lazy="false" xmlns="urn:nhibernate-mapping-2.2">
  <class name="CompraCotacaoModel" table="compra_cotacao" >
		<id name="Id" column="id">
			<generator class="identity" />
		</id> 

		<property name="DataCotacao" column="data_cotacao" />

		<property name="Descricao" column="descricao" />

		<many-to-one name="CompraRequisicaoModel" class="CompraRequisicaoModel" column="id_compra_requisicao" />

		<bag name="CompraFornecedorCotacaoModelList" table="compra_fornecedor_cotacao" cascade="all-delete-orphan" inverse="true">
		<key column="id_compra_cotacao"/> 
		<one-to-many class="CompraFornecedorCotacaoModel"/> 
	</bag> 

		<bag name="CompraCotacaoDetalheModelList" table="compra_cotacao_detalhe" cascade="all-delete-orphan" inverse="true">
		<key column="id_compra_cotacao"/> 
		<one-to-many class="CompraCotacaoDetalheModel"/> 
	</bag> 

  </class>
</hibernate-mapping>