<?xml version="1.0" encoding="utf-8"?>
<hibernate-mapping assembly="compras" namespace="compras.Models" default-lazy="false" xmlns="urn:nhibernate-mapping-2.2">
  <class name="CompraFornecedorCotacaoModel" table="compra_fornecedor_cotacao" >
		<id name="Id" column="id">
			<generator class="identity" />
		</id> 

		<property name="Codigo" column="codigo" />

		<property name="PrazoEntrega" column="prazo_entrega" />

		<property name="VendaCondicoesPagamento" column="venda_condicoes_pagamento" />

		<property name="ValorSubtotal" column="valor_subtotal" />

		<property name="TaxaDesconto" column="taxa_desconto" />

		<property name="ValorDesconto" column="valor_desconto" />

		<property name="ValorTotal" column="valor_total" />

		<many-to-one name="ViewPessoaFornecedorModel" class="ViewPessoaFornecedorModel" column="id_fornecedor" />

		<many-to-one name="CompraCotacaoModel" class="CompraCotacaoModel" column="id_compra_cotacao" unique="true" />

  </class>
</hibernate-mapping>