<?xml version="1.0" encoding="utf-8"?>
<hibernate-mapping assembly="compras" namespace="compras.Models" default-lazy="false" xmlns="urn:nhibernate-mapping-2.2">
  <class name="ProdutoSubgrupoModel" table="produto_subgrupo" >
		<id name="Id" column="id">
			<generator class="identity" />
		</id> 

		<property name="Nome" column="nome" />

		<property name="Descricao" column="descricao" />

		<many-to-one name="ProdutoGrupoModel" class="ProdutoGrupoModel" column="id_produto_grupo" />

  </class>
</hibernate-mapping>