<?xml version="1.0" encoding="utf-8"?>
<hibernate-mapping assembly="cadastros" namespace="cadastros.Models" default-lazy="false" xmlns="urn:nhibernate-mapping-2.2">
  <class name="CargoModel" table="cargo" >
		<id name="Id" column="id">
			<generator class="identity" />
		</id> 

		<property name="Nome" column="nome" />

		<property name="Descricao" column="descricao" />

		<property name="Salario" column="salario" />

		<property name="Cbo1994" column="cbo_1994" />

		<property name="Cbo2002" column="cbo_2002" />

  </class>
</hibernate-mapping>