<?xml version="1.0" encoding="utf-8"?>
<hibernate-mapping assembly="cadastros" namespace="cadastros.Models" default-lazy="false" xmlns="urn:nhibernate-mapping-2.2">
  <class name="CepModel" table="cep" >
		<id name="Id" column="id">
			<generator class="identity" />
		</id> 

		<property name="Numero" column="numero" />

		<property name="Logradouro" column="logradouro" />

		<property name="Complemento" column="complemento" />

		<property name="Bairro" column="bairro" />

		<property name="Municipio" column="municipio" />

		<property name="Uf" column="uf" />

		<property name="CodigoIbgeMunicipio" column="codigo_ibge_municipio" />

  </class>
</hibernate-mapping>