<?xml version="1.0" encoding="utf-8"?>
<hibernate-mapping assembly="cadastros" namespace="cadastros.Models" default-lazy="false" xmlns="urn:nhibernate-mapping-2.2">
  <class name="PaisModel" table="pais" >
		<id name="Id" column="id">
			<generator class="identity" />
		</id> 

		<property name="NomePtbr" column="nome_ptbr" />

		<property name="NomeEn" column="nome_en" />

		<property name="Codigo" column="codigo" />

		<property name="Sigla2" column="sigla2" />

		<property name="Sigla3" column="sigla3" />

		<property name="CodigoBacen" column="codigo_bacen" />

  </class>
</hibernate-mapping>