<?xml version="1.0" encoding="utf-8"?>
<hibernate-mapping assembly="cadastros" namespace="cadastros.Models" default-lazy="false" xmlns="urn:nhibernate-mapping-2.2">
  <class name="PessoaJuridicaModel" table="pessoa_juridica" >
		<id name="Id" column="id">
			<generator class="identity" />
		</id> 

		<property name="Cnpj" column="cnpj" />

		<property name="NomeFantasia" column="nome_fantasia" />

		<property name="InscricaoEstadual" column="inscricao_estadual" />

		<property name="InscricaoMunicipal" column="inscricao_municipal" />

		<property name="DataConstituicao" column="data_constituicao" />

		<property name="TipoRegime" column="tipo_regime" />

		<property name="Crt" column="crt" />

		<many-to-one name="PessoaModel" class="PessoaModel" column="id_pessoa" unique="true" />

  </class>
</hibernate-mapping>