<?xml version="1.0" encoding="utf-8"?>
<hibernate-mapping assembly="cadastros" namespace="cadastros.Models" default-lazy="false" xmlns="urn:nhibernate-mapping-2.2">
  <class name="PessoaFisicaModel" table="pessoa_fisica" >
		<id name="Id" column="id">
			<generator class="identity" />
		</id> 

		<property name="Cpf" column="cpf" />

		<property name="Rg" column="rg" />

		<property name="OrgaoRg" column="orgao_rg" />

		<property name="DataEmissaoRg" column="data_emissao_rg" />

		<property name="DataNascimento" column="data_nascimento" />

		<property name="Sexo" column="sexo" />

		<property name="Raca" column="raca" />

		<property name="Nacionalidade" column="nacionalidade" />

		<property name="Naturalidade" column="naturalidade" />

		<property name="NomePai" column="nome_pai" />

		<property name="NomeMae" column="nome_mae" />

		<many-to-one name="PessoaModel" class="PessoaModel" column="id_pessoa" unique="true" />

		<many-to-one name="EstadoCivilModel" class="EstadoCivilModel" column="id_estado_civil" />

		<many-to-one name="NivelFormacaoModel" class="NivelFormacaoModel" column="id_nivel_formacao" />

  </class>
</hibernate-mapping>