<?xml version="1.0" encoding="utf-8"?>
<hibernate-mapping assembly="cadastros" namespace="cadastros.Models" default-lazy="false" xmlns="urn:nhibernate-mapping-2.2">
  <class name="PessoaTelefoneModel" table="pessoa_telefone" >
		<id name="Id" column="id">
			<generator class="identity" />
		</id> 

		<property name="Tipo" column="tipo" />

		<property name="Numero" column="numero" />

		<many-to-one name="PessoaModel" class="PessoaModel" column="id_pessoa" unique="true" />

  </class>
</hibernate-mapping>