<?xml version="1.0" encoding="utf-8"?>
<hibernate-mapping assembly="cadastros" namespace="cadastros.Models" default-lazy="false" xmlns="urn:nhibernate-mapping-2.2">
  <class name="UsuarioModel" table="usuario" >
		<id name="Id" column="id">
			<generator class="identity" />
		</id> 

		<property name="Login" column="login" />

		<property name="Senha" column="senha" />

		<property name="Administrador" column="administrador" />

		<property name="DataCadastro" column="data_cadastro" />

		<many-to-one name="PapelModel" class="PapelModel" column="id_papel" unique="true" />

  </class>
</hibernate-mapping>