<?xml version="1.0" encoding="utf-8"?>
<hibernate-mapping assembly="cadastros" namespace="cadastros.Models" default-lazy="false" xmlns="urn:nhibernate-mapping-2.2">
  <class name="VendedorModel" table="vendedor" >
		<id name="Id" column="id">
			<generator class="identity" />
		</id> 

		<property name="Comissao" column="comissao" />

		<property name="MetaVenda" column="meta_venda" />

		<many-to-one name="ColaboradorModel" class="ColaboradorModel" column="id_colaborador" unique="true" />

		<many-to-one name="ComissaoPerfilModel" class="ComissaoPerfilModel" column="id_comissao_perfil" />

  </class>
</hibernate-mapping>