<?xml version="1.0" encoding="utf-8"?>
<hibernate-mapping assembly="frotas" namespace="frotas.Models" default-lazy="false" xmlns="urn:nhibernate-mapping-2.2">
  <class name="FrotaIpvaControleModel" table="frota_ipva_controle" >
		<id name="Id" column="id">
			<generator class="identity" />
		</id> 

		<property name="Ano" column="ano" />

		<property name="Parcela" column="parcela" />

		<property name="DataVencimento" column="data_vencimento" />

		<property name="DataPagamento" column="data_pagamento" />

		<property name="Valor" column="valor" />

		<many-to-one name="FrotaVeiculoModel" class="FrotaVeiculoModel" column="id_frota_veiculo" unique="true" />

  </class>
</hibernate-mapping>