<?xml version="1.0" encoding="utf-8"?>
<hibernate-mapping assembly="frotas" namespace="frotas.Models" default-lazy="false" xmlns="urn:nhibernate-mapping-2.2">
  <class name="FrotaVeiculoModel" table="frota_veiculo" >
		<id name="Id" column="id">
			<generator class="identity" />
		</id> 

		<property name="Marca" column="marca" />

		<property name="Modelo" column="modelo" />

		<property name="ModeloAno" column="modelo_ano" />

		<property name="Placa" column="placa" />

		<property name="CodigoFipe" column="codigo_fipe" />

		<property name="Renavam" column="renavam" />

		<property name="IpvaMesVencimento" column="ipva_mes_vencimento" />

		<property name="DpvatMesVencimento" column="dpvat_mes_vencimento" />

		<many-to-one name="FrotaVeiculoTipoModel" class="FrotaVeiculoTipoModel" column="id_frota_veiculo_tipo" />

		<many-to-one name="FrotaCombustivelTipoModel" class="FrotaCombustivelTipoModel" column="id_frota_combustivel_tipo" />

		<bag name="FrotaIpvaControleModelList" table="frota_ipva_controle" cascade="all-delete-orphan" inverse="true">
		<key column="id_frota_veiculo"/> 
		<one-to-many class="FrotaIpvaControleModel"/> 
	</bag> 

		<bag name="FrotaDpvatControleModelList" table="frota_dpvat_controle" cascade="all-delete-orphan" inverse="true">
		<key column="id_frota_veiculo"/> 
		<one-to-many class="FrotaDpvatControleModel"/> 
	</bag> 

		<bag name="FrotaVeiculoSinistroModelList" table="frota_veiculo_sinistro" cascade="all-delete-orphan" inverse="true">
		<key column="id_frota_veiculo"/> 
		<one-to-many class="FrotaVeiculoSinistroModel"/> 
	</bag> 

		<bag name="FrotaVeiculoMovimentacaoModelList" table="frota_veiculo_movimentacao" cascade="all-delete-orphan" inverse="true">
		<key column="id_frota_veiculo"/> 
		<one-to-many class="FrotaVeiculoMovimentacaoModel"/> 
	</bag> 

		<bag name="FrotaVeiculoPneuModelList" table="frota_veiculo_pneu" cascade="all-delete-orphan" inverse="true">
		<key column="id_frota_veiculo"/> 
		<one-to-many class="FrotaVeiculoPneuModel"/> 
	</bag> 

		<bag name="FrotaVeiculoManutencaoModelList" table="frota_veiculo_manutencao" cascade="all-delete-orphan" inverse="true">
		<key column="id_frota_veiculo"/> 
		<one-to-many class="FrotaVeiculoManutencaoModel"/> 
	</bag> 

		<bag name="FrotaMultaControleModelList" table="frota_multa_controle" cascade="all-delete-orphan" inverse="true">
		<key column="id_frota_veiculo"/> 
		<one-to-many class="FrotaMultaControleModel"/> 
	</bag> 

		<bag name="FrotaCombustivelControleModelList" table="frota_combustivel_controle" cascade="all-delete-orphan" inverse="true">
		<key column="id_frota_veiculo"/> 
		<one-to-many class="FrotaCombustivelControleModel"/> 
	</bag> 

  </class>
</hibernate-mapping>