<?xml version="1.0" encoding="utf-8"?>
<hibernate-mapping assembly="frotas" namespace="frotas.Models" default-lazy="false" xmlns="urn:nhibernate-mapping-2.2">
  <class name="FrotaVeiculoPneuModel" table="frota_veiculo_pneu" >
		<id name="Id" column="id">
			<generator class="identity" />
		</id> 

		<property name="DataTroca" column="data_troca" />

		<property name="ValorTroca" column="valor_troca" />

		<property name="PosicaoPneu" column="posicao_pneu" />

		<property name="MarcaPneu" column="marca_pneu" />

		<many-to-one name="FrotaVeiculoModel" class="FrotaVeiculoModel" column="id_frota_veiculo" unique="true" />

  </class>
</hibernate-mapping>