<?xml version="1.0" encoding="utf-8"?>
<hibernate-mapping assembly="frotas" namespace="frotas.Models" default-lazy="false" xmlns="urn:nhibernate-mapping-2.2">
  <class name="FrotaVeiculoMovimentacaoModel" table="frota_veiculo_movimentacao" >
		<id name="Id" column="id">
			<generator class="identity" />
		</id> 

		<property name="DataSaida" column="data_saida" />

		<property name="HoraSaida" column="hora_saida" />

		<property name="DataEntrada" column="data_entrada" />

		<property name="HoraEntrada" column="hora_entrada" />

		<property name="Observacao" column="observacao" />

		<many-to-one name="FrotaVeiculoModel" class="FrotaVeiculoModel" column="id_frota_veiculo" unique="true" />

		<many-to-one name="FrotaMotoristaModel" class="FrotaMotoristaModel" column="id_frota_motorista" />

  </class>
</hibernate-mapping>