<?xml version="1.0" encoding="utf-8"?>
<hibernate-mapping assembly="contratos" namespace="contratos.Models" default-lazy="false" xmlns="urn:nhibernate-mapping-2.2">
  <class name="ContratoModel" table="contrato" >
		<id name="Id" column="id">
			<generator class="identity" />
		</id> 

		<property name="Numero" column="numero" />

		<property name="Nome" column="nome" />

		<property name="Descricao" column="descricao" />

		<property name="DataCadastro" column="data_cadastro" />

		<property name="DataInicioVigencia" column="data_inicio_vigencia" />

		<property name="DataFimVigencia" column="data_fim_vigencia" />

		<property name="DiaFaturamento" column="dia_faturamento" />

		<property name="Valor" column="valor" />

		<property name="QuantidadeParcelas" column="quantidade_parcelas" />

		<property name="IntervaloEntreParcelas" column="intervalo_entre_parcelas" />

		<property name="ClassificacaoContabilConta" column="classificacao_contabil_conta" />

		<property name="Observacao" column="observacao" />

		<many-to-one name="TipoContratoModel" class="TipoContratoModel" column="id_tipo_contrato" />

		<many-to-one name="ContratoSolicitacaoServicoModel" class="ContratoSolicitacaoServicoModel" column="id_solicitacao_servico" />

		<bag name="ContratoHistoricoReajusteModelList" table="contrato_historico_reajuste" cascade="all-delete-orphan" inverse="true">
		<key column="id_contrato"/> 
		<one-to-many class="ContratoHistoricoReajusteModel"/> 
	</bag> 

		<bag name="ContratoPrevFaturamentoModelList" table="contrato_prev_faturamento" cascade="all-delete-orphan" inverse="true">
		<key column="id_contrato"/> 
		<one-to-many class="ContratoPrevFaturamentoModel"/> 
	</bag> 

		<bag name="ContratoHistFaturamentoModelList" table="contrato_hist_faturamento" cascade="all-delete-orphan" inverse="true">
		<key column="id_contrato"/> 
		<one-to-many class="ContratoHistFaturamentoModel"/> 
	</bag> 

  </class>
</hibernate-mapping>