<?xml version="1.0" encoding="utf-8"?>
<hibernate-mapping assembly="administrativo" namespace="administrativo.Models" default-lazy="false" xmlns="urn:nhibernate-mapping-2.2">
  <class name="EmpresaTelefoneModel" table="empresa_telefone" >
		<id name="Id" column="id">
			<generator class="identity" />
		</id> 

		<property name="Tipo" column="tipo" />

		<property name="Numero" column="numero" />

		<many-to-one name="EmpresaModel" class="EmpresaModel" column="id_empresa" unique="true" />

  </class>
</hibernate-mapping>