<?xml version="1.0" encoding="utf-8"?>
<hibernate-mapping assembly="administrativo" namespace="administrativo.Models" default-lazy="false" xmlns="urn:nhibernate-mapping-2.2">
  <class name="EmpresaModel" table="empresa" >
		<id name="Id" column="id">
			<generator class="identity" />
		</id> 

		<property name="RazaoSocial" column="razao_social" />

		<property name="NomeFantasia" column="nome_fantasia" />

		<property name="Cnpj" column="cnpj" />

		<property name="InscricaoEstadual" column="inscricao_estadual" />

		<property name="InscricaoMunicipal" column="inscricao_municipal" />

		<property name="TipoRegime" column="tipo_regime" />

		<property name="Crt" column="crt" />

		<property name="Email" column="email" />

		<property name="Site" column="site" />

		<property name="Contato" column="contato" />

		<property name="DataConstituicao" column="data_constituicao" />

		<property name="Tipo" column="tipo" />

		<property name="InscricaoJuntaComercial" column="inscricao_junta_comercial" />

		<property name="DataInscJuntaComercial" column="data_insc_junta_comercial" />

		<property name="CodigoIbgeCidade" column="codigo_ibge_cidade" />

		<property name="CodigoIbgeUf" column="codigo_ibge_uf" />

		<property name="Cei" column="cei" />

		<property name="CodigoCnaePrincipal" column="codigo_cnae_principal" />

		<property name="ImagemLogotipo" column="imagem_logotipo" />

		<bag name="EmpresaContatoModelList" table="empresa_contato" cascade="all-delete-orphan" inverse="true">
		<key column="id_empresa"/> 
		<one-to-many class="EmpresaContatoModel"/> 
	</bag> 

		<bag name="EmpresaTelefoneModelList" table="empresa_telefone" cascade="all-delete-orphan" inverse="true">
		<key column="id_empresa"/> 
		<one-to-many class="EmpresaTelefoneModel"/> 
	</bag> 

		<bag name="EmpresaCnaeModelList" table="empresa_cnae" cascade="all-delete-orphan" inverse="true">
		<key column="id_empresa"/> 
		<one-to-many class="EmpresaCnaeModel"/> 
	</bag> 

		<bag name="EmpresaEnderecoModelList" table="empresa_endereco" cascade="all-delete-orphan" inverse="true">
		<key column="id_empresa"/> 
		<one-to-many class="EmpresaEnderecoModel"/> 
	</bag> 

  </class>
</hibernate-mapping>