<?xml version="1.0" encoding="utf-8"?>
<hibernate-mapping assembly="administrativo" namespace="administrativo.Models" default-lazy="false" xmlns="urn:nhibernate-mapping-2.2">
  <class name="EmpresaContatoModel" table="empresa_contato" >
		<id name="Id" column="id">
			<generator class="identity" />
		</id> 

		<property name="Nome" column="nome" />

		<property name="Email" column="email" />

		<property name="Observacao" column="observacao" />

		<many-to-one name="EmpresaModel" class="EmpresaModel" column="id_empresa" unique="true" />

  </class>
</hibernate-mapping>