<?xml version="1.0" encoding="utf-8"?>
<hibernate-mapping assembly="administrativo" namespace="administrativo.Models" default-lazy="false" xmlns="urn:nhibernate-mapping-2.2">
  <class name="EmpresaCnaeModel" table="empresa_cnae" >
		<id name="Id" column="id">
			<generator class="identity" />
		</id> 

		<property name="Principal" column="principal" />

		<property name="RamoAtividade" column="ramo_atividade" />

		<property name="ObjetoSocial" column="objeto_social" />

		<many-to-one name="CnaeModel" class="CnaeModel" column="id_cnae" />

		<many-to-one name="EmpresaModel" class="EmpresaModel" column="id_empresa" unique="true" />

  </class>
</hibernate-mapping>