<?xml version="1.0" encoding="utf-8"?>
<hibernate-mapping assembly="administrativo" namespace="administrativo.Models" default-lazy="false" xmlns="urn:nhibernate-mapping-2.2">
  <class name="EmpresaEnderecoModel" table="empresa_endereco" >
		<id name="Id" column="id">
			<generator class="identity" />
		</id> 

		<property name="Logradouro" column="logradouro" />

		<property name="Numero" column="numero" />

		<property name="Bairro" column="bairro" />

		<property name="Cidade" column="cidade" />

		<property name="Uf" column="uf" />

		<property name="Cep" column="cep" />

		<property name="MunicipioIbge" column="municipio_ibge" />

		<property name="Complemento" column="complemento" />

		<property name="Principal" column="principal" />

		<property name="Entrega" column="entrega" />

		<property name="Cobranca" column="cobranca" />

		<property name="Correspondencia" column="correspondencia" />

		<many-to-one name="EmpresaModel" class="EmpresaModel" column="id_empresa" unique="true" />

  </class>
</hibernate-mapping>