<?xml version="1.0" encoding="utf-8"?>
<hibernate-mapping assembly="administrativo" namespace="administrativo.Models" default-lazy="false" xmlns="urn:nhibernate-mapping-2.2">
  <class name="ViewPessoaColaboradorModel" table="view_pessoa_colaborador" >
		<id name="Id" column="id">
			<generator class="identity" />
		</id> 

		<property name="Nome" column="nome" />

		<property name="Tipo" column="tipo" />

		<property name="Email" column="email" />

		<property name="Site" column="site" />

		<property name="CpfCnpj" column="cpf_cnpj" />

		<property name="RgIe" column="rg_ie" />

		<property name="Matricula" column="matricula" />

		<property name="DataCadastro" column="data_cadastro" />

		<property name="DataAdmissao" column="data_admissao" />

		<property name="DataDemissao" column="data_demissao" />

		<property name="CtpsNumero" column="ctps_numero" />

		<property name="CtpsSerie" column="ctps_serie" />

		<property name="CtpsDataExpedicao" column="ctps_data_expedicao" />

		<property name="CtpsUf" column="ctps_uf" />

		<property name="Observacao" column="observacao" />

		<property name="Logradouro" column="logradouro" />

		<property name="Numero" column="numero" />

		<property name="Complemento" column="complemento" />

		<property name="Bairro" column="bairro" />

		<property name="Cidade" column="cidade" />

		<property name="Cep" column="cep" />

		<property name="MunicipioIbge" column="municipio_ibge" />

		<property name="Uf" column="uf" />

		<property name="IdPessoa" column="id_pessoa" />

		<property name="IdCargo" column="id_cargo" />

		<property name="IdSetor" column="id_setor" />

  </class>
</hibernate-mapping>