<?xml version="1.0" encoding="utf-8"?>
<hibernate-mapping assembly="projetos" namespace="projetos.Models" default-lazy="false" xmlns="urn:nhibernate-mapping-2.2">
  <class name="ProjetoCustoModel" table="projeto_custo" >
		<id name="Id" column="id">
			<generator class="identity" />
		</id> 

		<property name="Nome" column="nome" />

		<property name="ValorMensal" column="valor_mensal" />

		<property name="ValorTotal" column="valor_total" />

		<property name="Justificativa" column="justificativa" />

		<many-to-one name="ProjetoPrincipalModel" class="ProjetoPrincipalModel" column="id_projeto_principal" unique="true" />

		<many-to-one name="FinNaturezaFinanceiraModel" class="FinNaturezaFinanceiraModel" column="id_fin_natureza_financeira" />

  </class>
</hibernate-mapping>