[
	{
			"id": 1,
			"first_name": "John",
			"last_name": "Doe",
			"email": "john.doe@example.com",
			"address": "123 Main St",
			"zipcode": "12345",
			"city": "New York",
			"stateAbbr": "NY",
			"avatar": "./avatar1.png",
			"birthday": "1990-05-15",
			"first_seen": "2022-01-10",
			"last_seen": "2023-09-12",
			"has_ordered": true,
			"latest_purchase": "2023-09-10",
			"has_newsletter": true,
			"groups": ["regular"],
			"nb_orders": 10,
			"total_spent": 1500.50
	},
	{
			"id": 2,
			"first_name": "Jane",
			"last_name": "Smith",
			"email": "jane.smith@example.com",
			"address": "456 Elm St",
			"zipcode": "54321",
			"city": "Los Angeles",
			"stateAbbr": "CA",
			"avatar": "./avatar2.png",
			"birthday": "1985-07-22",
			"first_seen": "2021-06-30",
			"last_seen": "2023-09-10",
			"has_ordered": true,
			"latest_purchase": "2023-09-09",
			"has_newsletter": false,
			"groups": ["vip"],
			"nb_orders": 5,
			"total_spent": 1200.75
	},
	{
			"id": 3,
			"first_name": "Alice",
			"last_name": "Johnson",
			"email": "alice.johnson@example.com",
			"address": "789 Maple St",
			"zipcode": "67890",
			"city": "Chicago",
			"stateAbbr": "IL",
			"avatar": "./avatar3.png",
			"birthday": "1995-03-12",
			"first_seen": "2022-09-01",
			"last_seen": "2023-08-30",
			"has_ordered": true,
			"latest_purchase": "2023-08-25",
			"has_newsletter": true,
			"groups": ["regular"],
			"nb_orders": 8,
			"total_spent": 950.25
	},
	{
			"id": 4,
			"first_name": "Bob",
			"last_name": "Brown",
			"email": "bob.brown@example.com",
			"address": "111 Pine St",
			"zipcode": "11223",
			"city": "Miami",
			"stateAbbr": "FL",
			"avatar": "./avatar4.png",
			"birthday": "1980-11-02",
			"first_seen": "2020-12-01",
			"last_seen": "2023-09-01",
			"has_ordered": false,
			"latest_purchase": "2023-01-12",
			"has_newsletter": false,
			"groups": ["inactive"],
			"nb_orders": 0,
			"total_spent": 0
	},
	{
			"id": 5,
			"first_name": "Charlie",
			"last_name": "Davis",
			"email": "charlie.davis@example.com",
			"address": "222 Birch St",
			"zipcode": "33445",
			"city": "Houston",
			"stateAbbr": "TX",
			"avatar": "./avatar5.png",
			"birthday": "1975-06-18",
			"first_seen": "2019-07-15",
			"last_seen": "2023-07-22",
			"has_ordered": true,
			"latest_purchase": "2023-07-20",
			"has_newsletter": true,
			"groups": ["vip", "wholesale"],
			"nb_orders": 15,
			"total_spent": 2000.00
	},
	{
			"id": 6,
			"first_name": "David",
			"last_name": "Evans",
			"email": "david.evans@example.com",
			"address": "333 Cedar St",
			"zipcode": "45678",
			"city": "Phoenix",
			"stateAbbr": "AZ",
			"avatar": "./avatar6.png",
			"birthday": "1992-02-27",
			"first_seen": "2022-03-21",
			"last_seen": "2023-09-15",
			"has_ordered": true,
			"latest_purchase": "2023-09-14",
			"has_newsletter": false,
			"groups": ["regular"],
			"nb_orders": 7,
			"total_spent": 780.00
	},
	{
			"id": 7,
			"first_name": "Eva",
			"last_name": "Williams",
			"email": "eva.williams@example.com",
			"address": "444 Spruce St",
			"zipcode": "78901",
			"city": "Seattle",
			"stateAbbr": "WA",
			"avatar": "./avatar7.png",
			"birthday": "1988-09-04",
			"first_seen": "2021-11-05",
			"last_seen": "2023-09-13",
			"has_ordered": true,
			"latest_purchase": "2023-09-11",
			"has_newsletter": true,
			"groups": ["wholesale"],
			"nb_orders": 4,
			"total_spent": 1100.90
	}
]
