<?xml version="1.0" encoding="utf-8"?>
<hibernate-mapping assembly="financeiro" namespace="financeiro.Models" default-lazy="false" xmlns="urn:nhibernate-mapping-2.2">
  <class name="FinConfiguracaoBoletoModel" table="fin_configuracao_boleto" >
		<id name="Id" column="id">
			<generator class="identity" />
		</id> 

		<property name="Instrucao01" column="instrucao01" />

		<property name="Instrucao02" column="instrucao02" />

		<property name="CaminhoArquivoRemessa" column="caminho_arquivo_remessa" />

		<property name="CaminhoArquivoRetorno" column="caminho_arquivo_retorno" />

		<property name="CaminhoArquivoLogotipo" column="caminho_arquivo_logotipo" />

		<property name="CaminhoArquivoPdf" column="caminho_arquivo_pdf" />

		<property name="Mensagem" column="mensagem" />

		<property name="LocalPagamento" column="local_pagamento" />

		<property name="LayoutRemessa" column="layout_remessa" />

		<property name="Aceite" column="aceite" />

		<property name="Especie" column="especie" />

		<property name="Carteira" column="carteira" />

		<property name="CodigoConvenio" column="codigo_convenio" />

		<property name="CodigoCedente" column="codigo_cedente" />

		<property name="TaxaMulta" column="taxa_multa" />

		<property name="TaxaJuro" column="taxa_juro" />

		<property name="DiasProtesto" column="dias_protesto" />

		<property name="NossoNumeroAnterior" column="nosso_numero_anterior" />

		<many-to-one name="BancoContaCaixaModel" class="BancoContaCaixaModel" column="id_banco_conta_caixa" />

  </class>
</hibernate-mapping>