<?xml version="1.0" encoding="utf-8"?>
<hibernate-mapping assembly="financeiro" namespace="financeiro.Models" default-lazy="false" xmlns="urn:nhibernate-mapping-2.2">
  <class name="FinChequeEmitidoModel" table="fin_cheque_emitido" >
		<id name="Id" column="id">
			<generator class="identity" />
		</id> 

		<property name="DataEmissao" column="data_emissao" />

		<property name="BomPara" column="bom_para" />

		<property name="DataCompensacao" column="data_compensacao" />

		<property name="Valor" column="valor" />

		<property name="NominalA" column="nominal_a" />

		<many-to-one name="ChequeModel" class="ChequeModel" column="id_cheque" />

  </class>
</hibernate-mapping>