<?xml version="1.0" encoding="utf-8"?>
<hibernate-mapping assembly="financeiro" namespace="financeiro.Models" default-lazy="false" xmlns="urn:nhibernate-mapping-2.2">
  <class name="FinLancamentoPagarModel" table="fin_lancamento_pagar" >
		<id name="Id" column="id">
			<generator class="identity" />
		</id> 

		<property name="QuantidadeParcela" column="quantidade_parcela" />

		<property name="ValorAPagar" column="valor_a_pagar" />

		<property name="DataLancamento" column="data_lancamento" />

		<property name="NumeroDocumento" column="numero_documento" />

		<property name="PrimeiroVencimento" column="primeiro_vencimento" />

		<property name="IntervaloEntreParcelas" column="intervalo_entre_parcelas" />

		<property name="DiaFixo" column="dia_fixo" />

		<property name="ImagemDocumento" column="imagem_documento" />

		<many-to-one name="FinDocumentoOrigemModel" class="FinDocumentoOrigemModel" column="id_fin_documento_origem" />

		<many-to-one name="BancoContaCaixaModel" class="BancoContaCaixaModel" column="id_banco_conta_caixa" />

		<many-to-one name="FinNaturezaFinanceiraModel" class="FinNaturezaFinanceiraModel" column="id_fin_natureza_financeira" />

		<many-to-one name="ViewPessoaFornecedorModel" class="ViewPessoaFornecedorModel" column="id_fornecedor" />

		<bag name="FinParcelaPagarModelList" table="fin_parcela_pagar" cascade="all-delete-orphan" inverse="true">
		<key column="id_fin_lancamento_pagar"/> 
		<one-to-many class="FinParcelaPagarModel"/> 
	</bag> 

  </class>
</hibernate-mapping>