<?xml version="1.0" encoding="utf-8"?>
<hibernate-mapping assembly="contabil" namespace="contabil.Models" default-lazy="false" xmlns="urn:nhibernate-mapping-2.2">
  <class name="AuditoriaModel" table="auditoria" >
		<id name="Id" column="id">
			<generator class="identity" />
		</id> 

		<property name="DataRegistro" column="data_registro" />

		<property name="HoraRegistro" column="hora_registro" />

		<property name="JanelaController" column="janela_controller" />

		<property name="Acao" column="acao" />

		<property name="Conteudo" column="conteudo" />

		<property name="TokenJwt" column="token_jwt" />

  </class>
</hibernate-mapping>