<?xml version="1.0" encoding="utf-8"?>
<hibernate-mapping assembly="contabil" namespace="contabil.Models" default-lazy="false" xmlns="urn:nhibernate-mapping-2.2">
  <class name="CentroResultadoModel" table="centro_resultado" >
		<id name="Id" column="id">
			<generator class="identity" />
		</id> 

		<property name="Descricao" column="descricao" />

		<property name="Classificacao" column="classificacao" />

		<property name="SofreRateiro" column="sofre_rateiro" />

		<many-to-one name="PlanoCentroResultadoModel" class="PlanoCentroResultadoModel" column="id_plano_centro_resultado" />

		<bag name="CtResultadoNtFinanceiraModelList" table="ct_resultado_nt_financeira" cascade="all-delete-orphan" inverse="true">
		<key column="id_centro_resultado"/> 
		<one-to-many class="CtResultadoNtFinanceiraModel"/> 
	</bag> 

  </class>
</hibernate-mapping>