<?xml version="1.0" encoding="utf-8"?>
<hibernate-mapping assembly="contabil" namespace="contabil.Models" default-lazy="false" xmlns="urn:nhibernate-mapping-2.2">
  <class name="ContabilLancamentoOrcadoModel" table="contabil_lancamento_orcado" >
		<id name="Id" column="id">
			<generator class="identity" />
		</id> 

		<property name="Ano" column="ano" />

		<property name="Janeiro" column="janeiro" />

		<property name="Fevereiro" column="fevereiro" />

		<property name="Marco" column="marco" />

		<property name="Abril" column="abril" />

		<property name="Maio" column="maio" />

		<property name="Junho" column="junho" />

		<property name="Julho" column="julho" />

		<property name="Agosto" column="agosto" />

		<property name="Setembro" column="setembro" />

		<property name="Outubro" column="outubro" />

		<property name="Novembro" column="novembro" />

		<property name="Dezembro" column="dezembro" />

		<many-to-one name="ContabilContaModel" class="ContabilContaModel" column="id_contabil_conta" />

  </class>
</hibernate-mapping>