<?xml version="1.0" encoding="utf-8"?>
<hibernate-mapping assembly="contabil" namespace="contabil.Models" default-lazy="false" xmlns="urn:nhibernate-mapping-2.2">
  <class name="ContabilEncerramentoExeCabModel" table="contabil_encerramento_exe_cab" >
		<id name="Id" column="id">
			<generator class="identity" />
		</id> 

		<property name="DataInicio" column="data_inicio" />

		<property name="DataFim" column="data_fim" />

		<property name="DataInclusao" column="data_inclusao" />

		<property name="Motivo" column="motivo" />

		<bag name="ContabilEncerramentoExeDetModelList" table="contabil_encerramento_exe_det" cascade="all-delete-orphan" inverse="true">
		<key column="id_contabil_encerramento_exe"/> 
		<one-to-many class="ContabilEncerramentoExeDetModel"/> 
	</bag> 

  </class>
</hibernate-mapping>