<?xml version="1.0" encoding="utf-8"?>
<hibernate-mapping assembly="contabil" namespace="contabil.Models" default-lazy="false" xmlns="urn:nhibernate-mapping-2.2">
  <class name="ContabilParametroModel" table="contabil_parametro" >
		<id name="Id" column="id">
			<generator class="identity" />
		</id> 

		<property name="Mascara" column="mascara" />

		<property name="Niveis" column="niveis" />

		<property name="InformarContaPor" column="informar_conta_por" />

		<property name="CompartilhaPlanoConta" column="compartilha_plano_conta" />

		<property name="CompartilhaHistoricos" column="compartilha_historicos" />

		<property name="AlteraLancamentoOutro" column="altera_lancamento_outro" />

		<property name="HistoricoObrigatorio" column="historico_obrigatorio" />

		<property name="PermiteLancamentoZerado" column="permite_lancamento_zerado" />

		<property name="GeraInformativoSped" column="gera_informativo_sped" />

		<property name="SpedFormaEscritDiario" column="sped_forma_escrit_diario" />

		<property name="SpedNomeLivroDiario" column="sped_nome_livro_diario" />

		<property name="AssinaturaDireita" column="assinatura_direita" />

		<property name="AssinaturaEsquerda" column="assinatura_esquerda" />

		<property name="ContaAtivo" column="conta_ativo" />

		<property name="ContaPassivo" column="conta_passivo" />

		<property name="ContaPatrimonioLiquido" column="conta_patrimonio_liquido" />

		<property name="ContaDepreciacaoAcumulada" column="conta_depreciacao_acumulada" />

		<property name="ContaCapitalSocial" column="conta_capital_social" />

		<property name="ContaResultadoExercicio" column="conta_resultado_exercicio" />

		<property name="ContaPrejuizoAcumulado" column="conta_prejuizo_acumulado" />

		<property name="ContaLucroAcumulado" column="conta_lucro_acumulado" />

		<property name="ContaTituloPagar" column="conta_titulo_pagar" />

		<property name="ContaTituloReceber" column="conta_titulo_receber" />

		<property name="ContaJurosPassivo" column="conta_juros_passivo" />

		<property name="ContaJurosAtivo" column="conta_juros_ativo" />

		<property name="ContaDescontoObtido" column="conta_desconto_obtido" />

		<property name="ContaDescontoConcedido" column="conta_desconto_concedido" />

		<property name="ContaCmv" column="conta_cmv" />

		<property name="ContaVenda" column="conta_venda" />

		<property name="ContaVendaServico" column="conta_venda_servico" />

		<property name="ContaEstoque" column="conta_estoque" />

		<property name="ContaApuraResultado" column="conta_apura_resultado" />

		<property name="ContaJurosApropriar" column="conta_juros_apropriar" />

		<property name="IdHistPadraoResultado" column="id_hist_padrao_resultado" />

		<property name="IdHistPadraoLucro" column="id_hist_padrao_lucro" />

		<property name="IdHistPadraoPrejuizo" column="id_hist_padrao_prejuizo" />

  </class>
</hibernate-mapping>