<?xml version="1.0" encoding="utf-8"?>
<hibernate-mapping assembly="contabil" namespace="contabil.Models" default-lazy="false" xmlns="urn:nhibernate-mapping-2.2">
  <class name="ContabilLancamentoDetalheModel" table="contabil_lancamento_detalhe" >
		<id name="Id" column="id">
			<generator class="identity" />
		</id> 

		<property name="Tipo" column="tipo" />

		<property name="Valor" column="valor" />

		<property name="Historico" column="historico" />

		<many-to-one name="ContabilLancamentoCabecalhoModel" class="ContabilLancamentoCabecalhoModel" column="id_contabil_lancamento_cab" unique="true" />

		<many-to-one name="ContabilHistoricoModel" class="ContabilHistoricoModel" column="id_contabil_historico" />

		<many-to-one name="ContabilContaModel" class="ContabilContaModel" column="id_contabil_conta" />

  </class>
</hibernate-mapping>