<?xml version="1.0" encoding="utf-8"?>
<hibernate-mapping assembly="contabil" namespace="contabil.Models" default-lazy="false" xmlns="urn:nhibernate-mapping-2.2">
  <class name="ContabilIndiceValorModel" table="contabil_indice_valor" >
		<id name="Id" column="id">
			<generator class="identity" />
		</id> 

		<property name="DataIndice" column="data_indice" />

		<property name="Valor" column="valor" />

		<many-to-one name="ContabilIndiceModel" class="ContabilIndiceModel" column="id_contabil_indice" unique="true" />

  </class>
</hibernate-mapping>