<?xml version="1.0" encoding="utf-8"?>
<hibernate-mapping assembly="contabil" namespace="contabil.Models" default-lazy="false" xmlns="urn:nhibernate-mapping-2.2">
  <class name="ContabilFechamentoModel" table="contabil_fechamento" >
		<id name="Id" column="id">
			<generator class="identity" />
		</id> 

		<property name="DataInicio" column="data_inicio" />

		<property name="DataFim" column="data_fim" />

		<property name="CriterioLancamento" column="criterio_lancamento" />

  </class>
</hibernate-mapping>