<?xml version="1.0" encoding="utf-8"?>
<hibernate-mapping assembly="contabil" namespace="contabil.Models" default-lazy="false" xmlns="urn:nhibernate-mapping-2.2">
  <class name="ContabilDreCabecalhoModel" table="contabil_dre_cabecalho" >
		<id name="Id" column="id">
			<generator class="identity" />
		</id> 

		<property name="Descricao" column="descricao" />

		<property name="Padrao" column="padrao" />

		<property name="PeriodoInicial" column="periodo_inicial" />

		<property name="PeriodoFinal" column="periodo_final" />

		<bag name="ContabilDreDetalheModelList" table="contabil_dre_detalhe" cascade="all-delete-orphan" inverse="true">
		<key column="id_contabil_dre_cabecalho"/> 
		<one-to-many class="ContabilDreDetalheModel"/> 
	</bag> 

  </class>
</hibernate-mapping>