<?xml version="1.0" encoding="utf-8"?>
<hibernate-mapping assembly="contabil" namespace="contabil.Models" default-lazy="false" xmlns="urn:nhibernate-mapping-2.2">
  <class name="ContabilIndiceModel" table="contabil_indice" >
		<id name="Id" column="id">
			<generator class="identity" />
		</id> 

		<property name="Indice" column="indice" />

		<property name="Periodicidade" column="periodicidade" />

		<property name="DiarioAPartirDe" column="diario_a_partir_de" />

		<property name="MensalMesAno" column="mensal_mes_ano" />

		<bag name="ContabilIndiceValorModelList" table="contabil_indice_valor" cascade="all-delete-orphan" inverse="true">
		<key column="id_contabil_indice"/> 
		<one-to-many class="ContabilIndiceValorModel"/> 
	</bag> 

  </class>
</hibernate-mapping>