<?xml version="1.0" encoding="utf-8"?>
<hibernate-mapping assembly="contabil" namespace="contabil.Models" default-lazy="false" xmlns="urn:nhibernate-mapping-2.2">
  <class name="ContabilContaModel" table="contabil_conta" >
		<id name="Id" column="id">
			<generator class="identity" />
		</id> 

		<property name="IdContabilConta" column="id_contabil_conta" />

		<property name="Classificacao" column="classificacao" />

		<property name="Tipo" column="tipo" />

		<property name="Descricao" column="descricao" />

		<property name="DataInclusao" column="data_inclusao" />

		<property name="Situacao" column="situacao" />

		<property name="Natureza" column="natureza" />

		<property name="PatrimonioResultado" column="patrimonio_resultado" />

		<property name="LivroCaixa" column="livro_caixa" />

		<property name="Dfc" column="dfc" />

		<property name="CodigoEfd" column="codigo_efd" />

		<property name="Ordem" column="ordem" />

		<property name="CodigoReduzido" column="codigo_reduzido" />

		<many-to-one name="PlanoContaModel" class="PlanoContaModel" column="id_plano_conta" />

		<many-to-one name="PlanoContaRefSpedModel" class="PlanoContaRefSpedModel" column="id_plano_conta_ref_sped" />

  </class>
</hibernate-mapping>