<?xml version="1.0" encoding="utf-8"?>
<hibernate-mapping assembly="contabil" namespace="contabil.Models" default-lazy="false" xmlns="urn:nhibernate-mapping-2.2">
  <class name="CtResultadoNtFinanceiraModel" table="ct_resultado_nt_financeira" >
		<id name="Id" column="id">
			<generator class="identity" />
		</id> 

		<property name="PercentualRateio" column="percentual_rateio" />

		<many-to-one name="FinNaturezaFinanceiraModel" class="FinNaturezaFinanceiraModel" column="id_fin_natureza_financeira" />

		<many-to-one name="CentroResultadoModel" class="CentroResultadoModel" column="id_centro_resultado" unique="true" />

  </class>
</hibernate-mapping>