<?xml version="1.0" encoding="utf-8"?>
<hibernate-mapping assembly="contabil" namespace="contabil.Models" default-lazy="false" xmlns="urn:nhibernate-mapping-2.2">
  <class name="PlanoContaRefSpedModel" table="plano_conta_ref_sped" >
		<id name="Id" column="id">
			<generator class="identity" />
		</id> 

		<property name="CodCtaRef" column="cod_cta_ref" />

		<property name="InicioValidade" column="inicio_validade" />

		<property name="FimValidade" column="fim_validade" />

		<property name="Tipo" column="tipo" />

		<property name="Descricao" column="descricao" />

		<property name="Orientacoes" column="orientacoes" />

  </class>
</hibernate-mapping>