<?xml version="1.0" encoding="utf-8"?>
<hibernate-mapping assembly="contabil" namespace="contabil.Models" default-lazy="false" xmlns="urn:nhibernate-mapping-2.2">
  <class name="RateioCentroResultadoDetModel" table="rateio_centro_resultado_det" >
		<id name="Id" column="id">
			<generator class="identity" />
		</id> 

		<property name="PorcentoRateio" column="porcento_rateio" />

		<many-to-one name="RateioCentroResultadoCabModel" class="RateioCentroResultadoCabModel" column="id_rateio_centro_resul_cab" unique="true" />

		<many-to-one name="CentroResultadoModel" class="CentroResultadoModel" column="id_centro_resultado_destino" />

  </class>
</hibernate-mapping>