<?xml version="1.0" encoding="utf-8"?>
<hibernate-mapping assembly="contabil" namespace="contabil.Models" default-lazy="false" xmlns="urn:nhibernate-mapping-2.2">
  <class name="RateioCentroResultadoCabModel" table="rateio_centro_resultado_cab" >
		<id name="Id" column="id">
			<generator class="identity" />
		</id> 

		<property name="Descricao" column="descricao" />

		<many-to-one name="CentroResultadoModel" class="CentroResultadoModel" column="id_centro_resultado" />

		<bag name="RateioCentroResultadoDetModelList" table="rateio_centro_resultado_det" cascade="all-delete-orphan" inverse="true">
		<key column="id_rateio_centro_resul_cab"/> 
		<one-to-many class="RateioCentroResultadoDetModel"/> 
	</bag> 

  </class>
</hibernate-mapping>