[
  {
    "id": 1,
    "reference": "ORD-001",
    "date": "2025-02-10T14:00:00Z",
    "customer_id": 123,
    "basket": [{ "product_id": 1, "quantity": 2 }],
    "total_ex_taxes": 100,
    "delivery_fees": 10,
    "tax_rate": 0.2,
    "taxes": 20,
    "total": 130,
    "status": "ordered",
    "returned": false
  },
  {
    "id": 2,
    "reference": "ORD-002",
    "date": "2025-02-05T10:00:00Z",
    "customer_id": 124,
    "basket": [{ "product_id": 2, "quantity": 1 }],
    "total_ex_taxes": 50,
    "delivery_fees": 5,
    "tax_rate": 0.2,
    "taxes": 10,
    "total": 65,
    "status": "delivered",
    "returned": false
  },
  {
    "id": 3,
    "reference": "ORD-003",
    "date": "2025-02-03T12:30:00Z",
    "customer_id": 125,
    "basket": [{ "product_id": 3, "quantity": 3 }],
    "total_ex_taxes": 150,
    "delivery_fees": 15,
    "tax_rate": 0.2,
    "taxes": 30,
    "total": 195,
    "status": "cancelled",
    "returned": true
  },
  {
    "id": 4,
    "reference": "ORD-004",
    "date": "2025-02-15T14:00:00Z",
    "customer_id": 127,
    "basket": [{ "product_id": 1, "quantity": 10 }],
    "total_ex_taxes": 200,
    "delivery_fees": 15,
    "tax_rate": 0.1,
    "taxes": 20,
    "total": 235,
    "status": "ordered",
    "returned": false
  }
]
