<?xml version="1.0" encoding="utf-8"?>
<hibernate-mapping assembly="nfe" namespace="nfe.Models" default-lazy="false" xmlns="urn:nhibernate-mapping-2.2">
  <class name="NfeConfiguracaoModel" table="nfe_configuracao" >
		<id name="Id" column="id">
			<generator class="identity" />
		</id> 

		<property name="CertificadoDigitalSerie" column="certificado_digital_serie" />

		<property name="CertificadoDigitalCaminho" column="certificado_digital_caminho" />

		<property name="CertificadoDigitalSenha" column="certificado_digital_senha" />

		<property name="TipoEmissao" column="tipo_emissao" />

		<property name="FormatoImpressaoDanfe" column="formato_impressao_danfe" />

		<property name="ProcessoEmissao" column="processo_emissao" />

		<property name="VersaoProcessoEmissao" column="versao_processo_emissao" />

		<property name="CaminhoLogomarca" column="caminho_logomarca" />

		<property name="SalvarXml" column="salvar_xml" />

		<property name="CaminhoSalvarXml" column="caminho_salvar_xml" />

		<property name="CaminhoSchemas" column="caminho_schemas" />

		<property name="CaminhoArquivoDanfe" column="caminho_arquivo_danfe" />

		<property name="CaminhoSalvarPdf" column="caminho_salvar_pdf" />

		<property name="WebserviceUf" column="webservice_uf" />

		<property name="WebserviceAmbiente" column="webservice_ambiente" />

		<property name="WebserviceProxyHost" column="webservice_proxy_host" />

		<property name="WebserviceProxyPorta" column="webservice_proxy_porta" />

		<property name="WebserviceProxyUsuario" column="webservice_proxy_usuario" />

		<property name="WebserviceProxySenha" column="webservice_proxy_senha" />

		<property name="WebserviceVisualizar" column="webservice_visualizar" />

		<property name="EmailServidorSmtp" column="email_servidor_smtp" />

		<property name="EmailPorta" column="email_porta" />

		<property name="EmailUsuario" column="email_usuario" />

		<property name="EmailSenha" column="email_senha" />

		<property name="EmailAssunto" column="email_assunto" />

		<property name="EmailAutenticaSsl" column="email_autentica_ssl" />

		<property name="EmailTexto" column="email_texto" />

  </class>
</hibernate-mapping>