<?xml version="1.0" encoding="utf-8"?>
<hibernate-mapping assembly="nfe" namespace="nfe.Models" default-lazy="false" xmlns="urn:nhibernate-mapping-2.2">
  <class name="NfeCupomFiscalReferenciadoModel" table="nfe_cupom_fiscal_referenciado" >
		<id name="Id" column="id">
			<generator class="identity" />
		</id> 

		<property name="ModeloDocumentoFiscal" column="modelo_documento_fiscal" />

		<property name="NumeroOrdemEcf" column="numero_ordem_ecf" />

		<property name="Coo" column="coo" />

		<property name="DataEmissaoCupom" column="data_emissao_cupom" />

		<property name="NumeroCaixa" column="numero_caixa" />

		<property name="NumeroSerieEcf" column="numero_serie_ecf" />

		<many-to-one name="NfeCabecalhoModel" class="NfeCabecalhoModel" column="id_nfe_cabecalho" unique="true" />

  </class>
</hibernate-mapping>