<?xml version="1.0" encoding="utf-8"?>
<hibernate-mapping assembly="nfe" namespace="nfe.Models" default-lazy="false" xmlns="urn:nhibernate-mapping-2.2">
  <class name="NfeCanaModel" table="nfe_cana" >
		<id name="Id" column="id">
			<generator class="identity" />
		</id> 

		<property name="Safra" column="safra" />

		<property name="MesAnoReferencia" column="mes_ano_referencia" />

		<many-to-one name="NfeCabecalhoModel" class="NfeCabecalhoModel" column="id_nfe_cabecalho" unique="true" />

  </class>
</hibernate-mapping>