<?xml version="1.0" encoding="utf-8"?>
<hibernate-mapping assembly="nfe" namespace="nfe.Models" default-lazy="false" xmlns="urn:nhibernate-mapping-2.2">
  <class name="NfeDetalheModel" table="nfe_detalhe" >
		<id name="Id" column="id">
			<generator class="identity" />
		</id> 

		<property name="NumeroItem" column="numero_item" />

		<property name="CodigoProduto" column="codigo_produto" />

		<property name="Gtin" column="gtin" />

		<property name="NomeProduto" column="nome_produto" />

		<property name="Ncm" column="ncm" />

		<property name="Nve" column="nve" />

		<property name="Cest" column="cest" />

		<property name="IndicadorEscalaRelevante" column="indicador_escala_relevante" />

		<property name="CnpjFabricante" column="cnpj_fabricante" />

		<property name="CodigoBeneficioFiscal" column="codigo_beneficio_fiscal" />

		<property name="ExTipi" column="ex_tipi" />

		<property name="Cfop" column="cfop" />

		<property name="UnidadeComercial" column="unidade_comercial" />

		<property name="QuantidadeComercial" column="quantidade_comercial" />

		<property name="NumeroPedidoCompra" column="numero_pedido_compra" />

		<property name="ItemPedidoCompra" column="item_pedido_compra" />

		<property name="NumeroFci" column="numero_fci" />

		<property name="NumeroRecopi" column="numero_recopi" />

		<property name="ValorUnitarioComercial" column="valor_unitario_comercial" />

		<property name="ValorBrutoProduto" column="valor_bruto_produto" />

		<property name="GtinUnidadeTributavel" column="gtin_unidade_tributavel" />

		<property name="UnidadeTributavel" column="unidade_tributavel" />

		<property name="QuantidadeTributavel" column="quantidade_tributavel" />

		<property name="ValorUnitarioTributavel" column="valor_unitario_tributavel" />

		<property name="ValorFrete" column="valor_frete" />

		<property name="ValorSeguro" column="valor_seguro" />

		<property name="ValorDesconto" column="valor_desconto" />

		<property name="ValorOutrasDespesas" column="valor_outras_despesas" />

		<property name="EntraTotal" column="entra_total" />

		<property name="ValorTotalTributos" column="valor_total_tributos" />

		<property name="PercentualDevolvido" column="percentual_devolvido" />

		<property name="ValorIpiDevolvido" column="valor_ipi_devolvido" />

		<property name="InformacoesAdicionais" column="informacoes_adicionais" />

		<property name="ValorSubtotal" column="valor_subtotal" />

		<property name="ValorTotal" column="valor_total" />

		<many-to-one name="NfeCabecalhoModel" class="NfeCabecalhoModel" column="id_nfe_cabecalho" />

		<many-to-one name="ProdutoModel" class="ProdutoModel" column="id_produto" />

		<bag name="NfeDetEspecificoVeiculoModelList" table="nfe_det_especifico_veiculo" cascade="all-delete-orphan" inverse="true">
		<key column="id_nfe_detalhe"/> 
		<one-to-many class="NfeDetEspecificoVeiculoModel"/> 
	</bag> 

		<bag name="NfeDetEspecificoMedicamentoModelList" table="nfe_det_especifico_medicamento" cascade="all-delete-orphan" inverse="true">
		<key column="id_nfe_detalhe"/> 
		<one-to-many class="NfeDetEspecificoMedicamentoModel"/> 
	</bag> 

		<bag name="NfeDetEspecificoArmamentoModelList" table="nfe_det_especifico_armamento" cascade="all-delete-orphan" inverse="true">
		<key column="id_nfe_detalhe"/> 
		<one-to-many class="NfeDetEspecificoArmamentoModel"/> 
	</bag> 

		<bag name="NfeDetEspecificoCombustivelModelList" table="nfe_det_especifico_combustivel" cascade="all-delete-orphan" inverse="true">
		<key column="id_nfe_detalhe"/> 
		<one-to-many class="NfeDetEspecificoCombustivelModel"/> 
	</bag> 

		<bag name="NfeDeclaracaoImportacaoModelList" table="nfe_declaracao_importacao" cascade="all-delete-orphan" inverse="true">
		<key column="id_nfe_detalhe"/> 
		<one-to-many class="NfeDeclaracaoImportacaoModel"/> 
	</bag> 

		<bag name="NfeDetalheImpostoIcmsModelList" table="nfe_detalhe_imposto_icms" cascade="all-delete-orphan" inverse="true">
		<key column="id_nfe_detalhe"/> 
		<one-to-many class="NfeDetalheImpostoIcmsModel"/> 
	</bag> 

		<bag name="NfeDetalheImpostoIpiModelList" table="nfe_detalhe_imposto_ipi" cascade="all-delete-orphan" inverse="true">
		<key column="id_nfe_detalhe"/> 
		<one-to-many class="NfeDetalheImpostoIpiModel"/> 
	</bag> 

		<bag name="NfeDetalheImpostoIiModelList" table="nfe_detalhe_imposto_ii" cascade="all-delete-orphan" inverse="true">
		<key column="id_nfe_detalhe"/> 
		<one-to-many class="NfeDetalheImpostoIiModel"/> 
	</bag> 

		<bag name="NfeDetalheImpostoPisModelList" table="nfe_detalhe_imposto_pis" cascade="all-delete-orphan" inverse="true">
		<key column="id_nfe_detalhe"/> 
		<one-to-many class="NfeDetalheImpostoPisModel"/> 
	</bag> 

		<bag name="NfeDetalheImpostoCofinsModelList" table="nfe_detalhe_imposto_cofins" cascade="all-delete-orphan" inverse="true">
		<key column="id_nfe_detalhe"/> 
		<one-to-many class="NfeDetalheImpostoCofinsModel"/> 
	</bag> 

		<bag name="NfeDetalheImpostoIssqnModelList" table="nfe_detalhe_imposto_issqn" cascade="all-delete-orphan" inverse="true">
		<key column="id_nfe_detalhe"/> 
		<one-to-many class="NfeDetalheImpostoIssqnModel"/> 
	</bag> 

		<bag name="NfeExportacaoModelList" table="nfe_exportacao" cascade="all-delete-orphan" inverse="true">
		<key column="id_nfe_detalhe"/> 
		<one-to-many class="NfeExportacaoModel"/> 
	</bag> 

		<bag name="NfeItemRastreadoModelList" table="nfe_item_rastreado" cascade="all-delete-orphan" inverse="true">
		<key column="id_nfe_detalhe"/> 
		<one-to-many class="NfeItemRastreadoModel"/> 
	</bag> 

		<bag name="NfeDetalheImpostoPisStModelList" table="nfe_detalhe_imposto_pis_st" cascade="all-delete-orphan" inverse="true">
		<key column="id_nfe_detalhe"/> 
		<one-to-many class="NfeDetalheImpostoPisStModel"/> 
	</bag> 

		<bag name="NfeDetalheImpostoIcmsUfdestModelList" table="nfe_detalhe_imposto_icms_ufdest" cascade="all-delete-orphan" inverse="true">
		<key column="id_nfe_detalhe"/> 
		<one-to-many class="NfeDetalheImpostoIcmsUfdestModel"/> 
	</bag> 

		<bag name="NfeDetalheImpostoCofinsStModelList" table="nfe_detalhe_imposto_cofins_st" cascade="all-delete-orphan" inverse="true">
		<key column="id_nfe_detalhe"/> 
		<one-to-many class="NfeDetalheImpostoCofinsStModel"/> 
	</bag> 

  </class>
</hibernate-mapping>