<?xml version="1.0" encoding="utf-8"?>
<hibernate-mapping assembly="nfe" namespace="nfe.Models" default-lazy="false" xmlns="urn:nhibernate-mapping-2.2">
  <class name="NfeDuplicataModel" table="nfe_duplicata" >
		<id name="Id" column="id">
			<generator class="identity" />
		</id> 

		<property name="Numero" column="numero" />

		<property name="DataVencimento" column="data_vencimento" />

		<property name="Valor" column="valor" />

		<many-to-one name="NfeFaturaModel" class="NfeFaturaModel" column="id_nfe_fatura" />

  </class>
</hibernate-mapping>