<?xml version="1.0" encoding="utf-8"?>
<hibernate-mapping assembly="nfe" namespace="nfe.Models" default-lazy="false" xmlns="urn:nhibernate-mapping-2.2">
  <class name="NfeDetalheImpostoIcmsUfdestModel" table="nfe_detalhe_imposto_icms_ufdest" >
		<id name="Id" column="id">
			<generator class="identity" />
		</id> 

		<property name="ValorBcIcmsUfDestino" column="valor_bc_icms_uf_destino" />

		<property name="ValorBcFcpUfDestino" column="valor_bc_fcp_uf_destino" />

		<property name="PercentualFcpUfDestino" column="percentual_fcp_uf_destino" />

		<property name="AliquotaInternaUfDestino" column="aliquota_interna_uf_destino" />

		<property name="AliquotaInteresdatualUfEnvolvidas" column="aliquota_interesdatual_uf_envolvidas" />

		<property name="PercentualProvisorioPartilhaIcms" column="percentual_provisorio_partilha_icms" />

		<property name="ValorIcmsFcpUfDestino" column="valor_icms_fcp_uf_destino" />

		<property name="ValorInterestadualUfDestino" column="valor_interestadual_uf_destino" />

		<property name="ValorInterestadualUfRemetente" column="valor_interestadual_uf_remetente" />

		<many-to-one name="NfeDetalheModel" class="NfeDetalheModel" column="id_nfe_detalhe" unique="true" />

  </class>
</hibernate-mapping>