<?xml version="1.0" encoding="utf-8"?>
<hibernate-mapping assembly="nfe" namespace="nfe.Models" default-lazy="false" xmlns="urn:nhibernate-mapping-2.2">
  <class name="NfeDetalheImpostoIssqnModel" table="nfe_detalhe_imposto_issqn" >
		<id name="Id" column="id">
			<generator class="identity" />
		</id> 

		<property name="BaseCalculoIssqn" column="base_calculo_issqn" />

		<property name="AliquotaIssqn" column="aliquota_issqn" />

		<property name="ValorIssqn" column="valor_issqn" />

		<property name="MunicipioIssqn" column="municipio_issqn" />

		<property name="ItemListaServicos" column="item_lista_servicos" />

		<property name="ValorDeducao" column="valor_deducao" />

		<property name="ValorOutrasRetencoes" column="valor_outras_retencoes" />

		<property name="ValorDescontoIncondicionado" column="valor_desconto_incondicionado" />

		<property name="ValorDescontoCondicionado" column="valor_desconto_condicionado" />

		<property name="ValorRetencaoIss" column="valor_retencao_iss" />

		<property name="IndicadorExigibilidadeIss" column="indicador_exigibilidade_iss" />

		<property name="CodigoServico" column="codigo_servico" />

		<property name="MunicipioIncidencia" column="municipio_incidencia" />

		<property name="PaisSevicoPrestado" column="pais_sevico_prestado" />

		<property name="NumeroProcesso" column="numero_processo" />

		<property name="IndicadorIncentivoFiscal" column="indicador_incentivo_fiscal" />

		<many-to-one name="NfeDetalheModel" class="NfeDetalheModel" column="id_nfe_detalhe" unique="true" />

  </class>
</hibernate-mapping>