<?xml version="1.0" encoding="utf-8"?>
<hibernate-mapping assembly="nfe" namespace="nfe.Models" default-lazy="false" xmlns="urn:nhibernate-mapping-2.2">
  <class name="NfeDetEspecificoArmamentoModel" table="nfe_det_especifico_armamento" >
		<id name="Id" column="id">
			<generator class="identity" />
		</id> 

		<property name="TipoArma" column="tipo_arma" />

		<property name="NumeroSerieArma" column="numero_serie_arma" />

		<property name="NumeroSerieCano" column="numero_serie_cano" />

		<property name="Descricao" column="descricao" />

		<many-to-one name="NfeDetalheModel" class="NfeDetalheModel" column="id_nfe_detalhe" unique="true" />

  </class>
</hibernate-mapping>