<?xml version="1.0" encoding="utf-8"?>
<hibernate-mapping assembly="nfe" namespace="nfe.Models" default-lazy="false" xmlns="urn:nhibernate-mapping-2.2">
  <class name="NfeDetalheImpostoPisModel" table="nfe_detalhe_imposto_pis" >
		<id name="Id" column="id">
			<generator class="identity" />
		</id> 

		<property name="CstPis" column="cst_pis" />

		<property name="ValorBaseCalculoPis" column="valor_base_calculo_pis" />

		<property name="AliquotaPisPercentual" column="aliquota_pis_percentual" />

		<property name="ValorPis" column="valor_pis" />

		<property name="QuantidadeVendida" column="quantidade_vendida" />

		<property name="AliquotaPisReais" column="aliquota_pis_reais" />

		<many-to-one name="NfeDetalheModel" class="NfeDetalheModel" column="id_nfe_detalhe" unique="true" />

  </class>
</hibernate-mapping>