<?xml version="1.0" encoding="utf-8"?>
<hibernate-mapping assembly="nfe" namespace="nfe.Models" default-lazy="false" xmlns="urn:nhibernate-mapping-2.2">
  <class name="NfeDetalheImpostoIiModel" table="nfe_detalhe_imposto_ii" >
		<id name="Id" column="id">
			<generator class="identity" />
		</id> 

		<property name="ValorBcIi" column="valor_bc_ii" />

		<property name="ValorDespesasAduaneiras" column="valor_despesas_aduaneiras" />

		<property name="ValorImpostoImportacao" column="valor_imposto_importacao" />

		<property name="ValorIof" column="valor_iof" />

		<many-to-one name="NfeDetalheModel" class="NfeDetalheModel" column="id_nfe_detalhe" unique="true" />

  </class>
</hibernate-mapping>