<?xml version="1.0" encoding="utf-8"?>
<hibernate-mapping assembly="nfe" namespace="nfe.Models" default-lazy="false" xmlns="urn:nhibernate-mapping-2.2">
  <class name="NfeDeclaracaoImportacaoModel" table="nfe_declaracao_importacao" >
		<id name="Id" column="id">
			<generator class="identity" />
		</id> 

		<property name="NumeroDocumento" column="numero_documento" />

		<property name="DataRegistro" column="data_registro" />

		<property name="LocalDesembaraco" column="local_desembaraco" />

		<property name="UfDesembaraco" column="uf_desembaraco" />

		<property name="DataDesembaraco" column="data_desembaraco" />

		<property name="ViaTransporte" column="via_transporte" />

		<property name="ValorAfrmm" column="valor_afrmm" />

		<property name="FormaIntermediacao" column="forma_intermediacao" />

		<property name="Cnpj" column="cnpj" />

		<property name="UfTerceiro" column="uf_terceiro" />

		<property name="CodigoExportador" column="codigo_exportador" />

		<many-to-one name="NfeDetalheModel" class="NfeDetalheModel" column="id_nfe_detalhe" unique="true" />

  </class>
</hibernate-mapping>