<?xml version="1.0" encoding="utf-8"?>
<hibernate-mapping assembly="nfe" namespace="nfe.Models" default-lazy="false" xmlns="urn:nhibernate-mapping-2.2">
  <class name="NfeFaturaModel" table="nfe_fatura" >
		<id name="Id" column="id">
			<generator class="identity" />
		</id> 

		<property name="Numero" column="numero" />

		<property name="ValorOriginal" column="valor_original" />

		<property name="ValorDesconto" column="valor_desconto" />

		<property name="ValorLiquido" column="valor_liquido" />

		<many-to-one name="NfeCabecalhoModel" class="NfeCabecalhoModel" column="id_nfe_cabecalho" unique="true" />

  </class>
</hibernate-mapping>