<?xml version="1.0" encoding="utf-8"?>
<hibernate-mapping assembly="nfe" namespace="nfe.Models" default-lazy="false" xmlns="urn:nhibernate-mapping-2.2">
  <class name="NfeNfReferenciadaModel" table="nfe_nf_referenciada" >
		<id name="Id" column="id">
			<generator class="identity" />
		</id> 

		<property name="CodigoUf" column="codigo_uf" />

		<property name="AnoMes" column="ano_mes" />

		<property name="Cnpj" column="cnpj" />

		<property name="Modelo" column="modelo" />

		<property name="Serie" column="serie" />

		<property name="NumeroNf" column="numero_nf" />

		<many-to-one name="NfeCabecalhoModel" class="NfeCabecalhoModel" column="id_nfe_cabecalho" unique="true" />

  </class>
</hibernate-mapping>