<?xml version="1.0" encoding="utf-8"?>
<hibernate-mapping assembly="nfe" namespace="nfe.Models" default-lazy="false" xmlns="urn:nhibernate-mapping-2.2">
  <class name="NfeNumeroInutilizadoModel" table="nfe_numero_inutilizado" >
		<id name="Id" column="id">
			<generator class="identity" />
		</id> 

		<property name="Serie" column="serie" />

		<property name="Numero" column="numero" />

		<property name="DataInutilizacao" column="data_inutilizacao" />

		<property name="Observacao" column="observacao" />

  </class>
</hibernate-mapping>