<?xml version="1.0" encoding="utf-8"?>
<hibernate-mapping assembly="nfe" namespace="nfe.Models" default-lazy="false" xmlns="urn:nhibernate-mapping-2.2">
  <class name="NfeTransporteModel" table="nfe_transporte" >
		<id name="Id" column="id">
			<generator class="identity" />
		</id> 

		<property name="IdTransportadora" column="id_transportadora" />

		<property name="ModalidadeFrete" column="modalidade_frete" />

		<property name="Cnpj" column="cnpj" />

		<property name="Cpf" column="cpf" />

		<property name="Nome" column="nome" />

		<property name="InscricaoEstadual" column="inscricao_estadual" />

		<property name="Endereco" column="endereco" />

		<property name="NomeMunicipio" column="nome_municipio" />

		<property name="Uf" column="uf" />

		<property name="ValorServico" column="valor_servico" />

		<property name="ValorBcRetencaoIcms" column="valor_bc_retencao_icms" />

		<property name="AliquotaRetencaoIcms" column="aliquota_retencao_icms" />

		<property name="ValorIcmsRetido" column="valor_icms_retido" />

		<property name="Cfop" column="cfop" />

		<property name="Municipio" column="municipio" />

		<property name="PlacaVeiculo" column="placa_veiculo" />

		<property name="UfVeiculo" column="uf_veiculo" />

		<property name="RntcVeiculo" column="rntc_veiculo" />

		<many-to-one name="NfeCabecalhoModel" class="NfeCabecalhoModel" column="id_nfe_cabecalho" unique="true" />

  </class>
</hibernate-mapping>