<?xml version="1.0" encoding="utf-8"?>
<hibernate-mapping assembly="nfe" namespace="nfe.Models" default-lazy="false" xmlns="urn:nhibernate-mapping-2.2">
  <class name="NfeTransporteVolumeModel" table="nfe_transporte_volume" >
		<id name="Id" column="id">
			<generator class="identity" />
		</id> 

		<property name="Quantidade" column="quantidade" />

		<property name="Especie" column="especie" />

		<property name="Marca" column="marca" />

		<property name="Numeracao" column="numeracao" />

		<property name="PesoLiquido" column="peso_liquido" />

		<property name="PesoBruto" column="peso_bruto" />

		<many-to-one name="NfeTransporteModel" class="NfeTransporteModel" column="id_nfe_transporte" />

  </class>
</hibernate-mapping>