<?xml version="1.0" encoding="utf-8"?>
<hibernate-mapping assembly="nfe" namespace="nfe.Models" default-lazy="false" xmlns="urn:nhibernate-mapping-2.2">
  <class name="ProdutoGrupoModel" table="produto_grupo" >
		<id name="Id" column="id">
			<generator class="identity" />
		</id> 

		<property name="Nome" column="nome" />

		<property name="Descricao" column="descricao" />

		<bag name="ProdutoSubgrupoModelList" table="produto_subgrupo" cascade="all-delete-orphan" inverse="true">
		<key column="id_produto_grupo"/> 
		<one-to-many class="ProdutoSubgrupoModel"/> 
	</bag> 

  </class>
</hibernate-mapping>