<?xml version="1.0" encoding="utf-8"?>
<hibernate-mapping assembly="nfe" namespace="nfe.Models" default-lazy="false" xmlns="urn:nhibernate-mapping-2.2">
  <class name="TributOperacaoFiscalModel" table="tribut_operacao_fiscal" >
		<id name="Id" column="id">
			<generator class="identity" />
		</id> 

		<property name="Descricao" column="descricao" />

		<property name="DescricaoNaNf" column="descricao_na_nf" />

		<property name="Cfop" column="cfop" />

		<property name="Observacao" column="observacao" />

  </class>
</hibernate-mapping>