<?xml version="1.0" encoding="utf-8"?>
<hibernate-mapping assembly="nfe" namespace="nfe.Models" default-lazy="false" xmlns="urn:nhibernate-mapping-2.2">
  <class name="VendaCabecalhoModel" table="venda_cabecalho" >
		<id name="Id" column="id">
			<generator class="identity" />
		</id> 

		<property name="IdVendaOrcamentoCabecalho" column="id_venda_orcamento_cabecalho" />

		<property name="IdVendaCondicoesPagamento" column="id_venda_condicoes_pagamento" />

		<property name="IdNotaFiscalTipo" column="id_nota_fiscal_tipo" />

		<property name="IdTransportadora" column="id_transportadora" />

		<property name="DataVenda" column="data_venda" />

		<property name="DataSaida" column="data_saida" />

		<property name="HoraSaida" column="hora_saida" />

		<property name="NumeroFatura" column="numero_fatura" />

		<property name="LocalEntrega" column="local_entrega" />

		<property name="LocalCobranca" column="local_cobranca" />

		<property name="ValorSubtotal" column="valor_subtotal" />

		<property name="TaxaComissao" column="taxa_comissao" />

		<property name="ValorComissao" column="valor_comissao" />

		<property name="TaxaDesconto" column="taxa_desconto" />

		<property name="ValorDesconto" column="valor_desconto" />

		<property name="ValorTotal" column="valor_total" />

		<property name="TipoFrete" column="tipo_frete" />

		<property name="FormaPagamento" column="forma_pagamento" />

		<property name="ValorFrete" column="valor_frete" />

		<property name="ValorSeguro" column="valor_seguro" />

		<property name="Observacao" column="observacao" />

		<property name="Situacao" column="situacao" />

		<property name="DiaFixoParcela" column="dia_fixo_parcela" />

  </class>
</hibernate-mapping>