<?xml version="1.0" encoding="utf-8"?>
<hibernate-mapping assembly="cadastros" namespace="cadastros.Models" default-lazy="false" xmlns="urn:nhibernate-mapping-2.2">
  <class name="BancoAgenciaModel" table="banco_agencia" >
		<id name="Id" column="id">
			<generator class="identity" />
		</id> 

		<property name="Nome" column="nome" />

		<property name="Numero" column="numero" />

		<property name="Digito" column="digito" />

		<property name="Telefone" column="telefone" />

		<property name="Contato" column="contato" />

		<property name="Gerente" column="gerente" />

		<property name="Observacao" column="observacao" />

		<many-to-one name="BancoModel" class="BancoModel" column="id_banco" />

  </class>
</hibernate-mapping>