<?xml version="1.0" encoding="utf-8"?>
<hibernate-mapping assembly="cadastros" namespace="cadastros.Models" default-lazy="false" xmlns="urn:nhibernate-mapping-2.2">
  <class name="ClienteModel" table="cliente" >
		<id name="Id" column="id">
			<generator class="identity" />
		</id> 

		<property name="Desde" column="desde" />

		<property name="DataCadastro" column="data_cadastro" />

		<property name="TaxaDesconto" column="taxa_desconto" />

		<property name="LimiteCredito" column="limite_credito" />

		<property name="Observacao" column="observacao" />

		<many-to-one name="PessoaModel" class="PessoaModel" column="id_pessoa" unique="true" />

		<many-to-one name="TabelaPrecoModel" class="TabelaPrecoModel" column="id_tabela_preco" />

  </class>
</hibernate-mapping>