<?xml version="1.0" encoding="utf-8"?>
<hibernate-mapping assembly="cadastros" namespace="cadastros.Models" default-lazy="false" xmlns="urn:nhibernate-mapping-2.2">
  <class name="ColaboradorModel" table="colaborador" >
		<id name="Id" column="id">
			<generator class="identity" />
		</id> 

		<property name="Matricula" column="matricula" />

		<property name="DataCadastro" column="data_cadastro" />

		<property name="DataAdmissao" column="data_admissao" />

		<property name="DataDemissao" column="data_demissao" />

		<property name="CtpsNumero" column="ctps_numero" />

		<property name="CtpsSerie" column="ctps_serie" />

		<property name="CtpsDataExpedicao" column="ctps_data_expedicao" />

		<property name="CtpsUf" column="ctps_uf" />

		<property name="Observacao" column="observacao" />

		<one-to-one name="VendedorModel" class="VendedorModel" property-ref="ColaboradorModel" cascade="all" />

		<many-to-one name="PessoaModel" class="PessoaModel" column="id_pessoa" />

		<many-to-one name="ColaboradorSituacaoModel" class="ColaboradorSituacaoModel" column="id_colaborador_situacao" />

		<many-to-one name="ColaboradorTipoModel" class="ColaboradorTipoModel" column="id_colaborador_tipo" />

		<many-to-one name="SetorModel" class="SetorModel" column="id_setor" />

		<many-to-one name="CargoModel" class="CargoModel" column="id_cargo" />

		<many-to-one name="TipoAdmissaoModel" class="TipoAdmissaoModel" column="id_tipo_admissao" />

		<many-to-one name="SindicatoModel" class="SindicatoModel" column="id_sindicato" />

		<bag name="ColaboradorRelacionamentoModelList" table="colaborador_relacionamento" cascade="all-delete-orphan" inverse="true">
		<key column="id_colaborador"/> 
		<one-to-many class="ColaboradorRelacionamentoModel"/> 
	</bag> 

  </class>
</hibernate-mapping>