<?xml version="1.0" encoding="utf-8"?>
<hibernate-mapping assembly="cadastros" namespace="cadastros.Models" default-lazy="false" xmlns="urn:nhibernate-mapping-2.2">
  <class name="ColaboradorRelacionamentoModel" table="colaborador_relacionamento" >
		<id name="Id" column="id">
			<generator class="identity" />
		</id> 

		<property name="Nome" column="nome" />

		<property name="DataNascimento" column="data_nascimento" />

		<property name="Cpf" column="cpf" />

		<property name="RegistroMatricula" column="registro_matricula" />

		<property name="RegistroCartorio" column="registro_cartorio" />

		<property name="RegistroCartorioNumero" column="registro_cartorio_numero" />

		<property name="RegistroNumeroLivro" column="registro_numero_livro" />

		<property name="RegistroNumeroFolha" column="registro_numero_folha" />

		<property name="DataEntregaDocumento" column="data_entrega_documento" />

		<property name="SalarioFamilia" column="salario_familia" />

		<property name="SalarioFamiliaIdadeLimite" column="salario_familia_idade_limite" />

		<property name="SalarioFamiliaDataFim" column="salario_familia_data_fim" />

		<property name="ImpostoRendaIdadeLimite" column="imposto_renda_idade_limite" />

		<property name="ImpostoRendaDataFim" column="imposto_renda_data_fim" />

		<many-to-one name="ColaboradorModel" class="ColaboradorModel" column="id_colaborador" unique="true" />

		<many-to-one name="TipoRelacionamentoModel" class="TipoRelacionamentoModel" column="id_tipo_relacionamento" />

  </class>
</hibernate-mapping>