<?xml version="1.0" encoding="utf-8"?>
<hibernate-mapping assembly="cadastros" namespace="cadastros.Models" default-lazy="false" xmlns="urn:nhibernate-mapping-2.2">
  <class name="MunicipioModel" table="municipio" >
		<id name="Id" column="id">
			<generator class="identity" />
		</id> 

		<property name="Nome" column="nome" />

		<property name="CodigoIbge" column="codigo_ibge" />

		<property name="CodigoReceitaFederal" column="codigo_receita_federal" />

		<property name="CodigoEstadual" column="codigo_estadual" />

		<many-to-one name="UfModel" class="UfModel" column="id_uf" />

  </class>
</hibernate-mapping>