<?xml version="1.0" encoding="utf-8"?>
<hibernate-mapping assembly="cadastros" namespace="cadastros.Models" default-lazy="false" xmlns="urn:nhibernate-mapping-2.2">
  <class name="PapelFuncaoModel" table="papel_funcao" >
		<id name="Id" column="id">
			<generator class="identity" />
		</id> 

		<property name="Habilitado" column="habilitado" />

		<property name="PodeInserir" column="pode_inserir" />

		<property name="PodeAlterar" column="pode_alterar" />

		<property name="PodeExcluir" column="pode_excluir" />

		<many-to-one name="PapelModel" class="PapelModel" column="id_papel" unique="true" />

		<many-to-one name="FuncaoModel" class="FuncaoModel" column="id_funcao" unique="true" />

  </class>
</hibernate-mapping>