<?xml version="1.0" encoding="utf-8"?>
<hibernate-mapping assembly="cadastros" namespace="cadastros.Models" default-lazy="false" xmlns="urn:nhibernate-mapping-2.2">
  <class name="PapelModel" table="papel" >
		<id name="Id" column="id">
			<generator class="identity" />
		</id> 

		<property name="Nome" column="nome" />

		<property name="Descrica" column="descrica" />

		<bag name="PapelFuncaoModelList" table="papel_funcao" cascade="all-delete-orphan" inverse="true">
		<key column="id_papel"/> 
		<one-to-many class="PapelFuncaoModel"/> 
	</bag> 

		<bag name="UsuarioModelList" table="usuario" cascade="all-delete-orphan" inverse="true">
		<key column="id_papel"/> 
		<one-to-many class="UsuarioModel"/> 
	</bag> 

  </class>
</hibernate-mapping>