<?xml version="1.0" encoding="utf-8"?>
<hibernate-mapping assembly="cadastros" namespace="cadastros.Models" default-lazy="false" xmlns="urn:nhibernate-mapping-2.2">
  <class name="PessoaContatoModel" table="pessoa_contato" >
		<id name="Id" column="id">
			<generator class="identity" />
		</id> 

		<property name="Nome" column="nome" />

		<property name="Email" column="email" />

		<property name="Observacao" column="observacao" />

		<many-to-one name="PessoaModel" class="PessoaModel" column="id_pessoa" unique="true" />

  </class>
</hibernate-mapping>