<?xml version="1.0" encoding="utf-8"?>
<hibernate-mapping assembly="cadastros" namespace="cadastros.Models" default-lazy="false" xmlns="urn:nhibernate-mapping-2.2">
  <class name="PessoaEnderecoModel" table="pessoa_endereco" >
		<id name="Id" column="id">
			<generator class="identity" />
		</id> 

		<property name="Logradouro" column="logradouro" />

		<property name="Numero" column="numero" />

		<property name="Complemento" column="complemento" />

		<property name="Bairro" column="bairro" />

		<property name="Cidade" column="cidade" />

		<property name="Uf" column="uf" />

		<property name="Cep" column="cep" />

		<property name="MunicipioIbge" column="municipio_ibge" />

		<property name="Principal" column="principal" />

		<property name="Entrega" column="entrega" />

		<property name="Cobranca" column="cobranca" />

		<property name="Correspondencia" column="correspondencia" />

		<many-to-one name="PessoaModel" class="PessoaModel" column="id_pessoa" unique="true" />

  </class>
</hibernate-mapping>