<?xml version="1.0" encoding="utf-8"?>
<hibernate-mapping assembly="cadastros" namespace="cadastros.Models" default-lazy="false" xmlns="urn:nhibernate-mapping-2.2">
  <class name="PessoaModel" table="pessoa" >
		<id name="Id" column="id">
			<generator class="identity" />
		</id> 

		<property name="Nome" column="nome" />

		<property name="Tipo" column="tipo" />

		<property name="Site" column="site" />

		<property name="Email" column="email" />

		<property name="EhCliente" column="eh_cliente" />

		<property name="EhFornecedor" column="eh_fornecedor" />

		<property name="EhTransportadora" column="eh_transportadora" />

		<property name="EhColaborador" column="eh_colaborador" />

		<property name="EhContador" column="eh_contador" />

		<one-to-one name="PessoaJuridicaModel" class="PessoaJuridicaModel" property-ref="PessoaModel" cascade="all" />

		<one-to-one name="FornecedorModel" class="FornecedorModel" property-ref="PessoaModel" cascade="all" />

		<one-to-one name="ClienteModel" class="ClienteModel" property-ref="PessoaModel" cascade="all" />

		<one-to-one name="PessoaFisicaModel" class="PessoaFisicaModel" property-ref="PessoaModel" cascade="all" />

		<one-to-one name="TransportadoraModel" class="TransportadoraModel" property-ref="PessoaModel" cascade="all" />

		<one-to-one name="ContadorModel" class="ContadorModel" property-ref="PessoaModel" cascade="all" />

		<bag name="PessoaContatoModelList" table="pessoa_contato" cascade="all-delete-orphan" inverse="true">
		<key column="id_pessoa"/> 
		<one-to-many class="PessoaContatoModel"/> 
	</bag> 

		<bag name="PessoaTelefoneModelList" table="pessoa_telefone" cascade="all-delete-orphan" inverse="true">
		<key column="id_pessoa"/> 
		<one-to-many class="PessoaTelefoneModel"/> 
	</bag> 

		<bag name="PessoaEnderecoModelList" table="pessoa_endereco" cascade="all-delete-orphan" inverse="true">
		<key column="id_pessoa"/> 
		<one-to-many class="PessoaEnderecoModel"/> 
	</bag> 

  </class>
</hibernate-mapping>