<?xml version="1.0" encoding="utf-8"?>
<hibernate-mapping assembly="cadastros" namespace="cadastros.Models" default-lazy="false" xmlns="urn:nhibernate-mapping-2.2">
  <class name="SindicatoModel" table="sindicato" >
		<id name="Id" column="id">
			<generator class="identity" />
		</id> 

		<property name="Nome" column="nome" />

		<property name="CodigoBanco" column="codigo_banco" />

		<property name="CodigoAgencia" column="codigo_agencia" />

		<property name="ContaBanco" column="conta_banco" />

		<property name="CodigoCedente" column="codigo_cedente" />

		<property name="Logradouro" column="logradouro" />

		<property name="Numero" column="numero" />

		<property name="Bairro" column="bairro" />

		<property name="MunicipioIbge" column="municipio_ibge" />

		<property name="Uf" column="uf" />

		<property name="Fone1" column="fone1" />

		<property name="Fone2" column="fone2" />

		<property name="Email" column="email" />

		<property name="TipoSindicato" column="tipo_sindicato" />

		<property name="DataBase" column="data_base" />

		<property name="PisoSalarial" column="piso_salarial" />

		<property name="Cnpj" column="cnpj" />

		<property name="ClassificacaoContabilConta" column="classificacao_contabil_conta" />

  </class>
</hibernate-mapping>