<?xml version="1.0" encoding="utf-8"?>
<hibernate-mapping assembly="frotas" namespace="frotas.Models" default-lazy="false" xmlns="urn:nhibernate-mapping-2.2">
  <class name="FrotaVeiculoSinistroModel" table="frota_veiculo_sinistro" >
		<id name="Id" column="id">
			<generator class="identity" />
		</id> 

		<property name="DataSinistro" column="data_sinistro" />

		<property name="Observacao" column="observacao" />

		<many-to-one name="FrotaVeiculoModel" class="FrotaVeiculoModel" column="id_frota_veiculo" unique="true" />

  </class>
</hibernate-mapping>