<?xml version="1.0" encoding="utf-8"?>
<hibernate-mapping assembly="frotas" namespace="frotas.Models" default-lazy="false" xmlns="urn:nhibernate-mapping-2.2">
  <class name="FrotaMultaControleModel" table="frota_multa_controle" >
		<id name="Id" column="id">
			<generator class="identity" />
		</id> 

		<property name="DataMulta" column="data_multa" />

		<property name="Pontos" column="pontos" />

		<property name="Valor" column="valor" />

		<property name="Observacao" column="observacao" />

		<many-to-one name="FrotaVeiculoModel" class="FrotaVeiculoModel" column="id_frota_veiculo" unique="true" />

  </class>
</hibernate-mapping>