<?xml version="1.0" encoding="utf-8"?>
<hibernate-mapping assembly="frotas" namespace="frotas.Models" default-lazy="false" xmlns="urn:nhibernate-mapping-2.2">
  <class name="FrotaCombustivelControleModel" table="frota_combustivel_controle" >
		<id name="Id" column="id">
			<generator class="identity" />
		</id> 

		<property name="DataAbastecimento" column="data_abastecimento" />

		<property name="HoraAbastecimento" column="hora_abastecimento" />

		<property name="ValorAbastecimento" column="valor_abastecimento" />

		<many-to-one name="FrotaVeiculoModel" class="FrotaVeiculoModel" column="id_frota_veiculo" unique="true" />

  </class>
</hibernate-mapping>