<?xml version="1.0" encoding="utf-8"?>
<hibernate-mapping assembly="mdfe" namespace="mdfe.Models" default-lazy="false" xmlns="urn:nhibernate-mapping-2.2">
  <class name="MdfeCabecalhoModel" table="mdfe_cabecalho" >
		<id name="Id" column="id">
			<generator class="identity" />
		</id> 

		<property name="Uf" column="uf" />

		<property name="TipoAmbiente" column="tipo_ambiente" />

		<property name="TipoEmitente" column="tipo_emitente" />

		<property name="TipoTransportadora" column="tipo_transportadora" />

		<property name="Modelo" column="modelo" />

		<property name="Serie" column="serie" />

		<property name="NumeroMdfe" column="numero_mdfe" />

		<property name="CodigoNumerico" column="codigo_numerico" />

		<property name="ChaveAcesso" column="chave_acesso" />

		<property name="DigitoVerificador" column="digito_verificador" />

		<property name="Modal" column="modal" />

		<property name="DataHoraEmissao" column="data_hora_emissao" />

		<property name="TipoEmissao" column="tipo_emissao" />

		<property name="ProcessoEmissao" column="processo_emissao" />

		<property name="VersaoProcessoEmissao" column="versao_processo_emissao" />

		<property name="UfInicio" column="uf_inicio" />

		<property name="UfFim" column="uf_fim" />

		<property name="DataHoraPrevisaoViagem" column="data_hora_previsao_viagem" />

		<property name="QuantidadeTotalCte" column="quantidade_total_cte" />

		<property name="QuantidadeTotalNfe" column="quantidade_total_nfe" />

		<property name="QuantidadeTotalMdfe" column="quantidade_total_mdfe" />

		<property name="CodigoUnidadeMedida" column="codigo_unidade_medida" />

		<property name="PesoBrutoCarga" column="peso_bruto_carga" />

		<property name="ValorCarga" column="valor_carga" />

		<property name="NumeroProtocolo" column="numero_protocolo" />

		<bag name="MdfeLacreModelList" table="mdfe_lacre" cascade="all-delete-orphan" inverse="true">
		<key column="id_mdfe_cabecalho"/> 
		<one-to-many class="MdfeLacreModel"/> 
	</bag> 

		<bag name="MdfeMunicipioDescarregaModelList" table="mdfe_municipio_descarrega" cascade="all-delete-orphan" inverse="true">
		<key column="id_mdfe_cabecalho"/> 
		<one-to-many class="MdfeMunicipioDescarregaModel"/> 
	</bag> 

		<bag name="MdfeEmitenteModelList" table="mdfe_emitente" cascade="all-delete-orphan" inverse="true">
		<key column="id_mdfe_cabecalho"/> 
		<one-to-many class="MdfeEmitenteModel"/> 
	</bag> 

		<bag name="MdfePercursoModelList" table="mdfe_percurso" cascade="all-delete-orphan" inverse="true">
		<key column="id_mdfe_cabecalho"/> 
		<one-to-many class="MdfePercursoModel"/> 
	</bag> 

		<bag name="MdfeMunicipioCarregamentoModelList" table="mdfe_municipio_carregamento" cascade="all-delete-orphan" inverse="true">
		<key column="id_mdfe_cabecalho"/> 
		<one-to-many class="MdfeMunicipioCarregamentoModel"/> 
	</bag> 

		<bag name="MdfeRodoviarioModelList" table="mdfe_rodoviario" cascade="all-delete-orphan" inverse="true">
		<key column="id_mdfe_cabecalho"/> 
		<one-to-many class="MdfeRodoviarioModel"/> 
	</bag> 

		<bag name="MdfeInformacaoSeguroModelList" table="mdfe_informacao_seguro" cascade="all-delete-orphan" inverse="true">
		<key column="id_mdfe_cabecalho"/> 
		<one-to-many class="MdfeInformacaoSeguroModel"/> 
	</bag> 

  </class>
</hibernate-mapping>