<?xml version="1.0" encoding="utf-8"?>
<hibernate-mapping assembly="mdfe" namespace="mdfe.Models" default-lazy="false" xmlns="urn:nhibernate-mapping-2.2">
  <class name="MdfeMunicipioDescarregaModel" table="mdfe_municipio_descarrega" >
		<id name="Id" column="id">
			<generator class="identity" />
		</id> 

		<property name="CodigoMunicipio" column="codigo_municipio" />

		<property name="NomeMunicipio" column="nome_municipio" />

		<many-to-one name="MdfeCabecalhoModel" class="MdfeCabecalhoModel" column="id_mdfe_cabecalho" unique="true" />

  </class>
</hibernate-mapping>