<?xml version="1.0" encoding="utf-8"?>
<hibernate-mapping assembly="mdfe" namespace="mdfe.Models" default-lazy="false" xmlns="urn:nhibernate-mapping-2.2">
  <class name="MdfePercursoModel" table="mdfe_percurso" >
		<id name="Id" column="id">
			<generator class="identity" />
		</id> 

		<property name="UfPercurso" column="uf_percurso" />

		<property name="DataInicioViagem" column="data_inicio_viagem" />

		<many-to-one name="MdfeCabecalhoModel" class="MdfeCabecalhoModel" column="id_mdfe_cabecalho" unique="true" />

  </class>
</hibernate-mapping>