<?xml version="1.0" encoding="utf-8"?>
<hibernate-mapping assembly="mdfe" namespace="mdfe.Models" default-lazy="false" xmlns="urn:nhibernate-mapping-2.2">
  <class name="MdfeInformacaoNfeModel" table="mdfe_informacao_nfe" >
		<id name="Id" column="id">
			<generator class="identity" />
		</id> 

		<property name="ChaveNfe" column="chave_nfe" />

		<property name="SegundoCodigoBarra" column="segundo_codigo_barra" />

		<property name="IndicadorReentrega" column="indicador_reentrega" />

		<many-to-one name="MdfeMunicipioDescarregaModel" class="MdfeMunicipioDescarregaModel" column="id_mdfe_municipio_descarrega" />

  </class>
</hibernate-mapping>