<?xml version="1.0" encoding="utf-8"?>
<hibernate-mapping assembly="wms" namespace="wms.Models" default-lazy="false" xmlns="urn:nhibernate-mapping-2.2">
  <class name="WmsArmazenamentoModel" table="wms_armazenamento" >
		<id name="Id" column="id">
			<generator class="identity" />
		</id> 

		<property name="Quantidade" column="quantidade" />

		<many-to-one name="WmsCaixaModel" class="WmsCaixaModel" column="id_wms_caixa" unique="true" />

		<many-to-one name="WmsRecebimentoDetalheModel" class="WmsRecebimentoDetalheModel" column="id_wms_recebimento_detalhe" />

  </class>
</hibernate-mapping>