<?xml version="1.0" encoding="utf-8"?>
<hibernate-mapping assembly="wms" namespace="wms.Models" default-lazy="false" xmlns="urn:nhibernate-mapping-2.2">
  <class name="WmsCaixaModel" table="wms_caixa" >
		<id name="Id" column="id">
			<generator class="identity" />
		</id> 

		<property name="Codigo" column="codigo" />

		<property name="Altura" column="altura" />

		<property name="Largura" column="largura" />

		<property name="Profundidade" column="profundidade" />

		<many-to-one name="WmsEstanteModel" class="WmsEstanteModel" column="id_wms_estante" />

		<bag name="WmsArmazenamentoModelList" table="wms_armazenamento" cascade="all-delete-orphan" inverse="true">
		<key column="id_wms_caixa"/> 
		<one-to-many class="WmsArmazenamentoModel"/> 
	</bag> 

  </class>
</hibernate-mapping>