<?xml version="1.0" encoding="utf-8"?>
<hibernate-mapping assembly="wms" namespace="wms.Models" default-lazy="false" xmlns="urn:nhibernate-mapping-2.2">
  <class name="WmsExpedicaoModel" table="wms_expedicao" >
		<id name="Id" column="id">
			<generator class="identity" />
		</id> 

		<property name="Quantidade" column="quantidade" />

		<property name="DataSaida" column="data_saida" />

		<many-to-one name="WmsOrdemSeparacaoDetModel" class="WmsOrdemSeparacaoDetModel" column="id_wms_ordem_separacao_det" />

		<many-to-one name="WmsArmazenamentoModel" class="WmsArmazenamentoModel" column="id_wms_armazenamento" />

  </class>
</hibernate-mapping>