<?xml version="1.0" encoding="utf-8"?>
<hibernate-mapping assembly="wms" namespace="wms.Models" default-lazy="false" xmlns="urn:nhibernate-mapping-2.2">
  <class name="WmsOrdemSeparacaoCabModel" table="wms_ordem_separacao_cab" >
		<id name="Id" column="id">
			<generator class="identity" />
		</id> 

		<property name="Origem" column="origem" />

		<property name="DataSolicitacao" column="data_solicitacao" />

		<property name="DataLimite" column="data_limite" />

		<bag name="WmsOrdemSeparacaoDetModelList" table="wms_ordem_separacao_det" cascade="all-delete-orphan" inverse="true">
		<key column="id_wms_ordem_separacao_cab"/> 
		<one-to-many class="WmsOrdemSeparacaoDetModel"/> 
	</bag> 

  </class>
</hibernate-mapping>