<?xml version="1.0" encoding="utf-8"?>
<hibernate-mapping assembly="wms" namespace="wms.Models" default-lazy="false" xmlns="urn:nhibernate-mapping-2.2">
  <class name="WmsOrdemSeparacaoDetModel" table="wms_ordem_separacao_det" >
		<id name="Id" column="id">
			<generator class="identity" />
		</id> 

		<property name="Quantidade" column="quantidade" />

		<many-to-one name="ProdutoModel" class="ProdutoModel" column="id_produto" />

		<many-to-one name="WmsOrdemSeparacaoCabModel" class="WmsOrdemSeparacaoCabModel" column="id_wms_ordem_separacao_cab" unique="true" />

  </class>
</hibernate-mapping>