<?xml version="1.0" encoding="utf-8"?>
<hibernate-mapping assembly="wms" namespace="wms.Models" default-lazy="false" xmlns="urn:nhibernate-mapping-2.2">
  <class name="WmsParametroModel" table="wms_parametro" >
		<id name="Id" column="id">
			<generator class="identity" />
		</id> 

		<property name="HoraPorVolume" column="hora_por_volume" />

		<property name="PessoaPorVolume" column="pessoa_por_volume" />

		<property name="HoraPorPeso" column="hora_por_peso" />

		<property name="PessoaPorPeso" column="pessoa_por_peso" />

		<property name="ItemDiferenteCaixa" column="item_diferente_caixa" />

  </class>
</hibernate-mapping>