<?xml version="1.0" encoding="utf-8"?>
<hibernate-mapping assembly="wms" namespace="wms.Models" default-lazy="false" xmlns="urn:nhibernate-mapping-2.2">
  <class name="WmsRecebimentoDetalheModel" table="wms_recebimento_detalhe" >
		<id name="Id" column="id">
			<generator class="identity" />
		</id> 

		<property name="QuantidadeVolume" column="quantidade_volume" />

		<property name="QuantidadeItemPorVolume" column="quantidade_item_por_volume" />

		<property name="QuantidadeRecebida" column="quantidade_recebida" />

		<property name="Destino" column="destino" />

		<many-to-one name="WmsRecebimentoCabecalhoModel" class="WmsRecebimentoCabecalhoModel" column="id_wms_recebimento_cabecalho" unique="true" />

		<many-to-one name="ProdutoModel" class="ProdutoModel" column="id_produto" />

  </class>
</hibernate-mapping>