<?xml version="1.0" encoding="utf-8"?>
<hibernate-mapping assembly="wms" namespace="wms.Models" default-lazy="false" xmlns="urn:nhibernate-mapping-2.2">
  <class name="WmsRecebimentoCabecalhoModel" table="wms_recebimento_cabecalho" >
		<id name="Id" column="id">
			<generator class="identity" />
		</id> 

		<property name="DataRecebimento" column="data_recebimento" />

		<property name="HoraInicio" column="hora_inicio" />

		<property name="HoraFim" column="hora_fim" />

		<property name="VolumeRecebido" column="volume_recebido" />

		<property name="PesoRecebido" column="peso_recebido" />

		<property name="Inconsistencia" column="inconsistencia" />

		<property name="Observacao" column="observacao" />

		<many-to-one name="WmsAgendamentoModel" class="WmsAgendamentoModel" column="id_wms_agendamento" />

		<bag name="WmsRecebimentoDetalheModelList" table="wms_recebimento_detalhe" cascade="all-delete-orphan" inverse="true">
		<key column="id_wms_recebimento_cabecalho"/> 
		<one-to-many class="WmsRecebimentoDetalheModel"/> 
	</bag> 

  </class>
</hibernate-mapping>