<?xml version="1.0" encoding="utf-8"?>
<hibernate-mapping assembly="contratos" namespace="contratos.Models" default-lazy="false" xmlns="urn:nhibernate-mapping-2.2">
  <class name="ContratoHistFaturamentoModel" table="contrato_hist_faturamento" >
		<id name="Id" column="id">
			<generator class="identity" />
		</id> 

		<property name="DataFatura" column="data_fatura" />

		<property name="Valor" column="valor" />

		<many-to-one name="ContratoModel" class="ContratoModel" column="id_contrato" unique="true" />

  </class>
</hibernate-mapping>