<?xml version="1.0" encoding="utf-8"?>
<hibernate-mapping assembly="contratos" namespace="contratos.Models" default-lazy="false" xmlns="urn:nhibernate-mapping-2.2">
  <class name="ContratoHistoricoReajusteModel" table="contrato_historico_reajuste" >
		<id name="Id" column="id">
			<generator class="identity" />
		</id> 

		<property name="Indice" column="indice" />

		<property name="ValorAnterior" column="valor_anterior" />

		<property name="ValorAtual" column="valor_atual" />

		<property name="DataReajuste" column="data_reajuste" />

		<property name="Observacao" column="observacao" />

		<many-to-one name="ContratoModel" class="ContratoModel" column="id_contrato" unique="true" />

  </class>
</hibernate-mapping>