<?xml version="1.0" encoding="utf-8"?>
<hibernate-mapping assembly="contratos" namespace="contratos.Models" default-lazy="false" xmlns="urn:nhibernate-mapping-2.2">
  <class name="ContratoSolicitacaoServicoModel" table="contrato_solicitacao_servico" >
		<id name="Id" column="id">
			<generator class="identity" />
		</id> 

		<property name="DataSolicitacao" column="data_solicitacao" />

		<property name="DataDesejadaInicio" column="data_desejada_inicio" />

		<property name="Urgente" column="urgente" />

		<property name="StatusSolicitacao" column="status_solicitacao" />

		<property name="Descricao" column="descricao" />

		<many-to-one name="ViewPessoaColaboradorModel" class="ViewPessoaColaboradorModel" column="id_colaborador" />

		<many-to-one name="ViewPessoaClienteModel" class="ViewPessoaClienteModel" column="id_cliente" />

		<many-to-one name="ViewPessoaFornecedorModel" class="ViewPessoaFornecedorModel" column="id_fornecedor" />

		<many-to-one name="SetorModel" class="SetorModel" column="id_setor" />

		<many-to-one name="ContratoTipoServicoModel" class="ContratoTipoServicoModel" column="id_contrato_tipo_servico" />

  </class>
</hibernate-mapping>