<?xml version="1.0" encoding="utf-8"?>
<hibernate-mapping assembly="patrimonio" namespace="patrimonio.Models" default-lazy="false" xmlns="urn:nhibernate-mapping-2.2">
  <class name="CentroResultadoModel" table="centro_resultado" >
		<id name="Id" column="id">
			<generator class="identity" />
		</id> 

		<property name="IdPlanoCentroResultado" column="id_plano_centro_resultado" />

		<property name="Classificacao" column="classificacao" />

		<property name="Descricao" column="descricao" />

		<property name="SofreRateiro" column="sofre_rateiro" />

  </class>
</hibernate-mapping>