<?xml version="1.0" encoding="utf-8"?>
<hibernate-mapping assembly="patrimonio" namespace="patrimonio.Models" default-lazy="false" xmlns="urn:nhibernate-mapping-2.2">
  <class name="PatrimMovimentacaoBemModel" table="patrim_movimentacao_bem" >
		<id name="Id" column="id">
			<generator class="identity" />
		</id> 

		<property name="DataMovimentacao" column="data_movimentacao" />

		<property name="Responsavel" column="responsavel" />

		<many-to-one name="PatrimBemModel" class="PatrimBemModel" column="id_patrim_bem" unique="true" />

		<many-to-one name="PatrimTipoMovimentacaoModel" class="PatrimTipoMovimentacaoModel" column="id_patrim_tipo_movimentacao" />

  </class>
</hibernate-mapping>