<?xml version="1.0" encoding="utf-8"?>
<hibernate-mapping assembly="patrimonio" namespace="patrimonio.Models" default-lazy="false" xmlns="urn:nhibernate-mapping-2.2">
  <class name="PatrimDepreciacaoBemModel" table="patrim_depreciacao_bem" >
		<id name="Id" column="id">
			<generator class="identity" />
		</id> 

		<property name="DataDepreciacao" column="data_depreciacao" />

		<property name="Dias" column="dias" />

		<property name="Taxa" column="taxa" />

		<property name="Indice" column="indice" />

		<property name="Valor" column="valor" />

		<property name="DepreciacaoAcumulada" column="depreciacao_acumulada" />

		<many-to-one name="PatrimBemModel" class="PatrimBemModel" column="id_patrim_bem" unique="true" />

  </class>
</hibernate-mapping>