<?xml version="1.0" encoding="utf-8"?>
<hibernate-mapping assembly="patrimonio" namespace="patrimonio.Models" default-lazy="false" xmlns="urn:nhibernate-mapping-2.2">
  <class name="PatrimGrupoBemModel" table="patrim_grupo_bem" >
		<id name="Id" column="id">
			<generator class="identity" />
		</id> 

		<property name="Codigo" column="codigo" />

		<property name="Nome" column="nome" />

		<property name="Descricao" column="descricao" />

		<property name="ContaAtivoImobilizado" column="conta_ativo_imobilizado" />

		<property name="ContaDepreciacaoAcumulada" column="conta_depreciacao_acumulada" />

		<property name="ContaDespesaDepreciacao" column="conta_despesa_depreciacao" />

		<property name="CodigoHistorico" column="codigo_historico" />

  </class>
</hibernate-mapping>