<?xml version="1.0" encoding="utf-8"?>
<hibernate-mapping assembly="patrimonio" namespace="patrimonio.Models" default-lazy="false" xmlns="urn:nhibernate-mapping-2.2">
  <class name="PatrimDocumentoBemModel" table="patrim_documento_bem" >
		<id name="Id" column="id">
			<generator class="identity" />
		</id> 

		<property name="Nome" column="nome" />

		<property name="Descricao" column="descricao" />

		<property name="Imagem" column="imagem" />

		<many-to-one name="PatrimBemModel" class="PatrimBemModel" column="id_patrim_bem" unique="true" />

  </class>
</hibernate-mapping>