<?xml version="1.0" encoding="utf-8"?>
<hibernate-mapping assembly="patrimonio" namespace="patrimonio.Models" default-lazy="false" xmlns="urn:nhibernate-mapping-2.2">
  <class name="PatrimIndiceAtualizacaoModel" table="patrim_indice_atualizacao" >
		<id name="Id" column="id">
			<generator class="identity" />
		</id> 

		<property name="DataIndice" column="data_indice" />

		<property name="Nome" column="nome" />

		<property name="Valor" column="valor" />

		<property name="ValorAlternativo" column="valor_alternativo" />

  </class>
</hibernate-mapping>