<?xml version="1.0" encoding="utf-8"?>
<hibernate-mapping assembly="cte" namespace="cte.Models" default-lazy="false" xmlns="urn:nhibernate-mapping-2.2">
  <class name="CteAquaviarioBalsaModel" table="cte_aquaviario_balsa" >
		<id name="Id" column="id">
			<generator class="identity" />
		</id> 

		<property name="IdBalsa" column="id_balsa" />

		<property name="NumeroViagem" column="numero_viagem" />

		<property name="Direcao" column="direcao" />

		<property name="PortoEmbarque" column="porto_embarque" />

		<property name="PortoTransbordo" column="porto_transbordo" />

		<property name="PortoDestino" column="porto_destino" />

		<property name="TipoNavegacao" column="tipo_navegacao" />

		<property name="Irin" column="irin" />

		<many-to-one name="CteAquaviarioModel" class="CteAquaviarioModel" column="id_cte_aquaviario" />

  </class>
</hibernate-mapping>