<?xml version="1.0" encoding="utf-8"?>
<hibernate-mapping assembly="cte" namespace="cte.Models" default-lazy="false" xmlns="urn:nhibernate-mapping-2.2">
  <class name="CteAereoModel" table="cte_aereo" >
		<id name="Id" column="id">
			<generator class="identity" />
		</id> 

		<property name="NumeroMinuta" column="numero_minuta" />

		<property name="NumeroConhecimento" column="numero_conhecimento" />

		<property name="DataPrevistaEntrega" column="data_prevista_entrega" />

		<property name="IdEmissor" column="id_emissor" />

		<property name="IdInternaTomador" column="id_interna_tomador" />

		<property name="TarifaClasse" column="tarifa_classe" />

		<property name="TarifaCodigo" column="tarifa_codigo" />

		<property name="TarifaValor" column="tarifa_valor" />

		<property name="CargaDimensao" column="carga_dimensao" />

		<property name="CargaInformacaoManuseio" column="carga_informacao_manuseio" />

		<property name="CargaEspecial" column="carga_especial" />

		<many-to-one name="CteCabecalhoModel" class="CteCabecalhoModel" column="id_cte_cabecalho" unique="true" />

  </class>
</hibernate-mapping>