<?xml version="1.0" encoding="utf-8"?>
<hibernate-mapping assembly="cte" namespace="cte.Models" default-lazy="false" xmlns="urn:nhibernate-mapping-2.2">
  <class name="CteCargaModel" table="cte_carga" >
		<id name="Id" column="id">
			<generator class="identity" />
		</id> 

		<property name="CodigoUnidadeMedida" column="codigo_unidade_medida" />

		<property name="TipoMedida" column="tipo_medida" />

		<property name="Quantidade" column="quantidade" />

		<many-to-one name="CteCabecalhoModel" class="CteCabecalhoModel" column="id_cte_cabecalho" unique="true" />

  </class>
</hibernate-mapping>