<?xml version="1.0" encoding="utf-8"?>
<hibernate-mapping assembly="cte" namespace="cte.Models" default-lazy="false" xmlns="urn:nhibernate-mapping-2.2">
  <class name="CteCabecalhoModel" table="cte_cabecalho" >
		<id name="Id" column="id">
			<generator class="identity" />
		</id> 

		<property name="NaturezaOperacao" column="natureza_operacao" />

		<property name="ChaveAcesso" column="chave_acesso" />

		<property name="DigitoChaveAcesso" column="digito_chave_acesso" />

		<property name="CodigoNumerico" column="codigo_numerico" />

		<property name="Serie" column="serie" />

		<property name="Numero" column="numero" />

		<property name="DataHoraEmissao" column="data_hora_emissao" />

		<property name="UfEmitente" column="uf_emitente" />

		<property name="Cfop" column="cfop" />

		<property name="FormaPagamento" column="forma_pagamento" />

		<property name="Modelo" column="modelo" />

		<property name="FormatoImpressaoDacte" column="formato_impressao_dacte" />

		<property name="TipoEmissao" column="tipo_emissao" />

		<property name="Ambiente" column="ambiente" />

		<property name="TipoCte" column="tipo_cte" />

		<property name="ProcessoEmissao" column="processo_emissao" />

		<property name="VersaoProcessoEmissao" column="versao_processo_emissao" />

		<property name="ChaveReferenciado" column="chave_referenciado" />

		<property name="CodigoMunicipioEnvio" column="codigo_municipio_envio" />

		<property name="NomeMunicipioEnvio" column="nome_municipio_envio" />

		<property name="UfEnvio" column="uf_envio" />

		<property name="Modal" column="modal" />

		<property name="TipoServico" column="tipo_servico" />

		<property name="CodigoMunicipioIniPrestacao" column="codigo_municipio_ini_prestacao" />

		<property name="NomeMunicipioIniPrestacao" column="nome_municipio_ini_prestacao" />

		<property name="UfIniPrestacao" column="uf_ini_prestacao" />

		<property name="CodigoMunicipioFimPrestacao" column="codigo_municipio_fim_prestacao" />

		<property name="NomeMunicipioFimPrestacao" column="nome_municipio_fim_prestacao" />

		<property name="UfFimPrestacao" column="uf_fim_prestacao" />

		<property name="Retira" column="retira" />

		<property name="RetiraDetalhe" column="retira_detalhe" />

		<property name="Tomador" column="tomador" />

		<property name="DataEntradaContingencia" column="data_entrada_contingencia" />

		<property name="JustificativaContingencia" column="justificativa_contingencia" />

		<property name="CaracAdicionalTransporte" column="carac_adicional_transporte" />

		<property name="CaracAdicionalServico" column="carac_adicional_servico" />

		<property name="FuncionarioEmissor" column="funcionario_emissor" />

		<property name="FluxoOrigem" column="fluxo_origem" />

		<property name="EntregaTipoPeriodo" column="entrega_tipo_periodo" />

		<property name="EntregaDataProgramada" column="entrega_data_programada" />

		<property name="EntregaDataInicial" column="entrega_data_inicial" />

		<property name="EntregaDataFinal" column="entrega_data_final" />

		<property name="EntregaTipoHora" column="entrega_tipo_hora" />

		<property name="EntregaHoraProgramada" column="entrega_hora_programada" />

		<property name="EntregaHoraInicial" column="entrega_hora_inicial" />

		<property name="EntregaHoraFinal" column="entrega_hora_final" />

		<property name="MunicipioOrigemCalculo" column="municipio_origem_calculo" />

		<property name="MunicipioDestinoCalculo" column="municipio_destino_calculo" />

		<property name="ObservacoesGerais" column="observacoes_gerais" />

		<property name="ValorTotalServico" column="valor_total_servico" />

		<property name="ValorReceber" column="valor_receber" />

		<property name="Cst" column="cst" />

		<property name="BaseCalculoIcms" column="base_calculo_icms" />

		<property name="AliquotaIcms" column="aliquota_icms" />

		<property name="ValorIcms" column="valor_icms" />

		<property name="PercentualReducaoBcIcms" column="percentual_reducao_bc_icms" />

		<property name="ValorBcIcmsStRetido" column="valor_bc_icms_st_retido" />

		<property name="ValorIcmsStRetido" column="valor_icms_st_retido" />

		<property name="AliquotaIcmsStRetido" column="aliquota_icms_st_retido" />

		<property name="ValorCreditoPresumidoIcms" column="valor_credito_presumido_icms" />

		<property name="PercentualBcIcmsOutraUf" column="percentual_bc_icms_outra_uf" />

		<property name="ValorBcIcmsOutraUf" column="valor_bc_icms_outra_uf" />

		<property name="AliquotaIcmsOutraUf" column="aliquota_icms_outra_uf" />

		<property name="ValorIcmsOutraUf" column="valor_icms_outra_uf" />

		<property name="SimplesNacionalIndicador" column="simples_nacional_indicador" />

		<property name="SimplesNacionalTotal" column="simples_nacional_total" />

		<property name="InformacoesAddFisco" column="informacoes_add_fisco" />

		<property name="ValorTotalCarga" column="valor_total_carga" />

		<property name="ProdutoPredominante" column="produto_predominante" />

		<property name="CargaOutrasCaracteristicas" column="carga_outras_caracteristicas" />

		<property name="ModalVersaoLayout" column="modal_versao_layout" />

		<property name="ChaveCteSubstituido" column="chave_cte_substituido" />

		<bag name="CteEmitenteModelList" table="cte_emitente" cascade="all-delete-orphan" inverse="true">
		<key column="id_cte_cabecalho"/> 
		<one-to-many class="CteEmitenteModel"/> 
	</bag> 

		<bag name="CteLocalColetaModelList" table="cte_local_coleta" cascade="all-delete-orphan" inverse="true">
		<key column="id_cte_cabecalho"/> 
		<one-to-many class="CteLocalColetaModel"/> 
	</bag> 

		<bag name="CteTomadorModelList" table="cte_tomador" cascade="all-delete-orphan" inverse="true">
		<key column="id_cte_cabecalho"/> 
		<one-to-many class="CteTomadorModel"/> 
	</bag> 

		<bag name="CtePassagemModelList" table="cte_passagem" cascade="all-delete-orphan" inverse="true">
		<key column="id_cte_cabecalho"/> 
		<one-to-many class="CtePassagemModel"/> 
	</bag> 

		<bag name="CteRemetenteModelList" table="cte_remetente" cascade="all-delete-orphan" inverse="true">
		<key column="id_cte_cabecalho"/> 
		<one-to-many class="CteRemetenteModel"/> 
	</bag> 

		<bag name="CteExpedidorModelList" table="cte_expedidor" cascade="all-delete-orphan" inverse="true">
		<key column="id_cte_cabecalho"/> 
		<one-to-many class="CteExpedidorModel"/> 
	</bag> 

		<bag name="CteRecebedorModelList" table="cte_recebedor" cascade="all-delete-orphan" inverse="true">
		<key column="id_cte_cabecalho"/> 
		<one-to-many class="CteRecebedorModel"/> 
	</bag> 

		<bag name="CteDestinatarioModelList" table="cte_destinatario" cascade="all-delete-orphan" inverse="true">
		<key column="id_cte_cabecalho"/> 
		<one-to-many class="CteDestinatarioModel"/> 
	</bag> 

		<bag name="CteLocalEntregaModelList" table="cte_local_entrega" cascade="all-delete-orphan" inverse="true">
		<key column="id_cte_cabecalho"/> 
		<one-to-many class="CteLocalEntregaModel"/> 
	</bag> 

		<bag name="CteComponenteModelList" table="cte_componente" cascade="all-delete-orphan" inverse="true">
		<key column="id_cte_cabecalho"/> 
		<one-to-many class="CteComponenteModel"/> 
	</bag> 

		<bag name="CteCargaModelList" table="cte_carga" cascade="all-delete-orphan" inverse="true">
		<key column="id_cte_cabecalho"/> 
		<one-to-many class="CteCargaModel"/> 
	</bag> 

		<bag name="CteInformacaoNfOutrosModelList" table="cte_informacao_nf_outros" cascade="all-delete-orphan" inverse="true">
		<key column="id_cte_cabecalho"/> 
		<one-to-many class="CteInformacaoNfOutrosModel"/> 
	</bag> 

		<bag name="CteSeguroModelList" table="cte_seguro" cascade="all-delete-orphan" inverse="true">
		<key column="id_cte_cabecalho"/> 
		<one-to-many class="CteSeguroModel"/> 
	</bag> 

		<bag name="CtePerigosoModelList" table="cte_perigoso" cascade="all-delete-orphan" inverse="true">
		<key column="id_cte_cabecalho"/> 
		<one-to-many class="CtePerigosoModel"/> 
	</bag> 

		<bag name="CteVeiculoNovoModelList" table="cte_veiculo_novo" cascade="all-delete-orphan" inverse="true">
		<key column="id_cte_cabecalho"/> 
		<one-to-many class="CteVeiculoNovoModel"/> 
	</bag> 

		<bag name="CteFaturaModelList" table="cte_fatura" cascade="all-delete-orphan" inverse="true">
		<key column="id_cte_cabecalho"/> 
		<one-to-many class="CteFaturaModel"/> 
	</bag> 

		<bag name="CteDuplicataModelList" table="cte_duplicata" cascade="all-delete-orphan" inverse="true">
		<key column="id_cte_cabecalho"/> 
		<one-to-many class="CteDuplicataModel"/> 
	</bag> 

		<bag name="CteRodoviarioModelList" table="cte_rodoviario" cascade="all-delete-orphan" inverse="true">
		<key column="id_cte_cabecalho"/> 
		<one-to-many class="CteRodoviarioModel"/> 
	</bag> 

		<bag name="CteAereoModelList" table="cte_aereo" cascade="all-delete-orphan" inverse="true">
		<key column="id_cte_cabecalho"/> 
		<one-to-many class="CteAereoModel"/> 
	</bag> 

		<bag name="CteAquaviarioModelList" table="cte_aquaviario" cascade="all-delete-orphan" inverse="true">
		<key column="id_cte_cabecalho"/> 
		<one-to-many class="CteAquaviarioModel"/> 
	</bag> 

		<bag name="CteFerroviarioModelList" table="cte_ferroviario" cascade="all-delete-orphan" inverse="true">
		<key column="id_cte_cabecalho"/> 
		<one-to-many class="CteFerroviarioModel"/> 
	</bag> 

		<bag name="CteDutoviarioModelList" table="cte_dutoviario" cascade="all-delete-orphan" inverse="true">
		<key column="id_cte_cabecalho"/> 
		<one-to-many class="CteDutoviarioModel"/> 
	</bag> 

		<bag name="CteMultimodalModelList" table="cte_multimodal" cascade="all-delete-orphan" inverse="true">
		<key column="id_cte_cabecalho"/> 
		<one-to-many class="CteMultimodalModel"/> 
	</bag> 

  </class>
</hibernate-mapping>