<?xml version="1.0" encoding="utf-8"?>
<hibernate-mapping assembly="cte" namespace="cte.Models" default-lazy="false" xmlns="urn:nhibernate-mapping-2.2">
  <class name="CteDutoviarioModel" table="cte_dutoviario" >
		<id name="Id" column="id">
			<generator class="identity" />
		</id> 

		<property name="ValorTarifa" column="valor_tarifa" />

		<property name="DataInicio" column="data_inicio" />

		<property name="DataFim" column="data_fim" />

		<many-to-one name="CteCabecalhoModel" class="CteCabecalhoModel" column="id_cte_cabecalho" unique="true" />

  </class>
</hibernate-mapping>