<?xml version="1.0" encoding="utf-8"?>
<hibernate-mapping assembly="cte" namespace="cte.Models" default-lazy="false" xmlns="urn:nhibernate-mapping-2.2">
  <class name="CteDocumentoAnteriorIdModel" table="cte_documento_anterior_id" >
		<id name="Id" column="id">
			<generator class="identity" />
		</id> 

		<property name="Tipo" column="tipo" />

		<property name="Serie" column="serie" />

		<property name="Subserie" column="subserie" />

		<property name="Numero" column="numero" />

		<property name="DataEmissao" column="data_emissao" />

		<property name="ChaveCte" column="chave_cte" />

  </class>
</hibernate-mapping>