<?xml version="1.0" encoding="utf-8"?>
<hibernate-mapping assembly="cte" namespace="cte.Models" default-lazy="false" xmlns="urn:nhibernate-mapping-2.2">
  <class name="CteFerroviarioVagaoModel" table="cte_ferroviario_vagao" >
		<id name="Id" column="id">
			<generator class="identity" />
		</id> 

		<property name="NumeroVagao" column="numero_vagao" />

		<property name="Capacidade" column="capacidade" />

		<property name="TipoVagao" column="tipo_vagao" />

		<property name="PesoReal" column="peso_real" />

		<property name="PesoBc" column="peso_bc" />

		<many-to-one name="CteFerroviarioModel" class="CteFerroviarioModel" column="id_cte_ferroviario" />

  </class>
</hibernate-mapping>