<?xml version="1.0" encoding="utf-8"?>
<hibernate-mapping assembly="cte" namespace="cte.Models" default-lazy="false" xmlns="urn:nhibernate-mapping-2.2">
  <class name="CteInfNfCargaLacreModel" table="cte_inf_nf_carga_lacre" >
		<id name="Id" column="id">
			<generator class="identity" />
		</id> 

		<property name="Numero" column="numero" />

		<property name="QuantidadeRateada" column="quantidade_rateada" />

		<many-to-one name="CteInformacaoNfCargaModel" class="CteInformacaoNfCargaModel" column="id_cte_informacao_nf_carga" />

  </class>
</hibernate-mapping>