<?xml version="1.0" encoding="utf-8"?>
<hibernate-mapping assembly="cte" namespace="cte.Models" default-lazy="false" xmlns="urn:nhibernate-mapping-2.2">
  <class name="CteMultimodalModel" table="cte_multimodal" >
		<id name="Id" column="id">
			<generator class="identity" />
		</id> 

		<property name="Cotm" column="cotm" />

		<property name="IndicadorNegociavel" column="indicador_negociavel" />

		<many-to-one name="CteCabecalhoModel" class="CteCabecalhoModel" column="id_cte_cabecalho" unique="true" />

  </class>
</hibernate-mapping>