<?xml version="1.0" encoding="utf-8"?>
<hibernate-mapping assembly="cte" namespace="cte.Models" default-lazy="false" xmlns="urn:nhibernate-mapping-2.2">
  <class name="CtePassagemModel" table="cte_passagem" >
		<id name="Id" column="id">
			<generator class="identity" />
		</id> 

		<property name="SiglaPassagem" column="sigla_passagem" />

		<property name="SiglaDestino" column="sigla_destino" />

		<property name="Rota" column="rota" />

		<many-to-one name="CteCabecalhoModel" class="CteCabecalhoModel" column="id_cte_cabecalho" unique="true" />

  </class>
</hibernate-mapping>