<?xml version="1.0" encoding="utf-8"?>
<hibernate-mapping assembly="cte" namespace="cte.Models" default-lazy="false" xmlns="urn:nhibernate-mapping-2.2">
  <class name="CteRodoviarioModel" table="cte_rodoviario" >
		<id name="Id" column="id">
			<generator class="identity" />
		</id> 

		<property name="Rntrc" column="rntrc" />

		<property name="DataPrevistaEntrega" column="data_prevista_entrega" />

		<property name="IndicadorLotacao" column="indicador_lotacao" />

		<property name="Ciot" column="ciot" />

		<many-to-one name="CteCabecalhoModel" class="CteCabecalhoModel" column="id_cte_cabecalho" unique="true" />

  </class>
</hibernate-mapping>