<?xml version="1.0" encoding="utf-8"?>
<hibernate-mapping assembly="cte" namespace="cte.Models" default-lazy="false" xmlns="urn:nhibernate-mapping-2.2">
  <class name="CteRodoviarioMotoristaModel" table="cte_rodoviario_motorista" >
		<id name="Id" column="id">
			<generator class="identity" />
		</id> 

		<property name="Nome" column="nome" />

		<property name="Cpf" column="cpf" />

		<many-to-one name="CteRodoviarioModel" class="CteRodoviarioModel" column="id_cte_rodoviario" />

  </class>
</hibernate-mapping>