<?xml version="1.0" encoding="utf-8"?>
<hibernate-mapping assembly="cte" namespace="cte.Models" default-lazy="false" xmlns="urn:nhibernate-mapping-2.2">
  <class name="CteSeguroModel" table="cte_seguro" >
		<id name="Id" column="id">
			<generator class="identity" />
		</id> 

		<property name="Responsavel" column="responsavel" />

		<property name="Seguradora" column="seguradora" />

		<property name="Apolice" column="apolice" />

		<property name="Averbacao" column="averbacao" />

		<property name="ValorCarga" column="valor_carga" />

		<many-to-one name="CteCabecalhoModel" class="CteCabecalhoModel" column="id_cte_cabecalho" unique="true" />

  </class>
</hibernate-mapping>