<?xml version="1.0" encoding="utf-8"?>
<hibernate-mapping assembly="cte" namespace="cte.Models" default-lazy="false" xmlns="urn:nhibernate-mapping-2.2">
  <class name="CteVeiculoNovoModel" table="cte_veiculo_novo" >
		<id name="Id" column="id">
			<generator class="identity" />
		</id> 

		<property name="Chassi" column="chassi" />

		<property name="Cor" column="cor" />

		<property name="DescricaoCor" column="descricao_cor" />

		<property name="CodigoMarcaModelo" column="codigo_marca_modelo" />

		<property name="ValorUnitario" column="valor_unitario" />

		<property name="ValorFrete" column="valor_frete" />

		<many-to-one name="CteCabecalhoModel" class="CteCabecalhoModel" column="id_cte_cabecalho" unique="true" />

  </class>
</hibernate-mapping>