[
  {
    "id": 1,
    "date": "2023-09-01",
    "status": "pending",
    "order_id": 101,
    "product_id": 201,
    "customer_id": 1,
    "rating": 5,
    "comment": "Excellent product!"
  },
  {
    "id": 2,
    "date": "2023-08-25",
    "status": "accepted",
    "order_id": 102,
    "product_id": 202,
    "customer_id": 2,
    "rating": 4,
    "comment": "Very good, but could be improved."
  },
  {
    "id": 3,
    "date": "2023-07-30",
    "status": "rejected",
    "order_id": 103,
    "product_id": 203,
    "customer_id": 3,
    "rating": 2,
    "comment": "Not satisfied with the quality."
  },
  {
    "id": 4,
    "date": "2023-08-10",
    "status": "pending",
    "order_id": 104,
    "product_id": 204,
    "customer_id": 4,
    "rating": 3,
    "comment": "Average product, worth the price."
  },
  {
    "id": 5,
    "date": "2023-09-05",
    "status": "pending",
    "order_id": 105,
    "product_id": 205,
    "customer_id": 5,
    "rating": 4,
    "comment": "Good quality and fast shipping."
  },
  {
    "id": 6,
    "date": "2023-08-15",
    "status": "accepted",
    "order_id": 106,
    "product_id": 206,
    "customer_id": 6,
    "rating": 5,
    "comment": "Amazing! Will buy again."
  },
  {
    "id": 7,
    "date": "2023-09-12",
    "status": "pending",
    "order_id": 107,
    "product_id": 207,
    "customer_id": 7,
    "rating": 4,
    "comment": "Very satisfied, quick delivery."
  }
]